Row,NumGoodAlgos
scenario0,0
scenario1,0
scenario2,0
scenario3,0
scenario4,0
scenario5,0
scenario6,0
scenario7,0
scenario8,0
scenario9,1
scenario10,0
scenario11,0
scenario12,1
scenario13,1
scenario14,1
scenario15,1
scenario16,0
scenario17,0
scenario18,1
scenario19,1
scenario20,1
scenario21,1
scenario22,1
scenario23,0
scenario24,0
scenario25,1
scenario26,1
scenario27,1
scenario28,1
scenario29,0
scenario30,1
scenario31,1
scenario32,0
scenario33,1
scenario34,1
scenario35,0
scenario36,1
scenario37,0
scenario38,1
scenario39,1
scenario40,1
scenario41,1
scenario42,1
scenario43,1
scenario44,1
scenario45,1
scenario46,1
scenario47,1
scenario48,0
scenario49,0
scenario50,0
scenario51,0
scenario52,1
scenario53,0
scenario54,1
scenario55,0
scenario56,1
scenario57,1
scenario58,1
scenario59,0
scenario60,0
scenario61,0
scenario62,0
scenario63,0
scenario64,0
scenario65,0
scenario66,0
scenario67,0
scenario68,0
scenario69,0
scenario70,0
scenario71,1
scenario72,0
scenario73,0
scenario74,0
scenario75,1
scenario76,1
scenario77,1
scenario78,0
scenario79,1
scenario80,1
scenario81,0
scenario82,1
scenario83,1
scenario84,0
scenario85,1
scenario86,1
scenario87,1
scenario88,0
scenario89,1
scenario90,1
scenario91,1
scenario92,0
scenario93,0
scenario94,0
scenario95,0
scenario96,0
scenario97,1
scenario98,0
scenario99,0
scenario100,0
scenario101,0
scenario102,0
scenario103,0
scenario104,0
scenario105,0
scenario106,1
scenario107,0
scenario108,0
scenario109,0
scenario110,0
scenario111,0
scenario112,0
scenario113,0
scenario114,0
scenario115,0
scenario116,0
scenario117,0
scenario118,0
scenario119,0
scenario120,0
scenario121,0
scenario122,0
scenario123,0
scenario124,0
scenario125,0
scenario126,1
scenario127,0
scenario128,0
scenario129,0
scenario130,0
scenario131,1
scenario132,0
scenario133,1
scenario134,1
scenario135,1
scenario136,1
scenario137,0
scenario138,1
scenario139,1
scenario140,1
scenario141,1
scenario142,1
scenario143,1
scenario144,1
scenario145,1
scenario146,1
scenario147,1
scenario148,1
scenario149,1
scenario150,0
scenario151,1
scenario152,1
scenario153,1
scenario154,1
scenario155,1
scenario156,1
scenario157,1
scenario158,1
scenario159,1
scenario160,1
scenario161,1
scenario162,1
scenario163,0
scenario164,1
scenario165,1
scenario166,1
scenario167,1
scenario168,0
scenario169,1
scenario170,1
scenario171,1
scenario172,1
scenario173,1
scenario174,0
scenario175,0
scenario176,1
scenario177,0
scenario178,1
scenario179,1
scenario180,0
scenario181,0
scenario182,1
scenario183,0
scenario184,0
scenario185,0
scenario186,0
scenario187,1
scenario188,1
scenario189,1
scenario190,1
scenario191,0
scenario192,1
scenario193,1
scenario194,1
scenario195,0
scenario196,1
scenario197,1
scenario198,1
scenario199,1
scenario200,1
scenario201,0
scenario202,1
scenario203,1
scenario204,1
scenario205,1
scenario206,0
scenario207,1
scenario208,0
scenario209,0
scenario210,0
scenario211,0
scenario212,0
scenario213,0
scenario214,0
scenario215,0
scenario216,0
scenario217,0
scenario218,1
scenario219,0
scenario220,0
scenario221,0
scenario222,0
scenario223,0
scenario224,0
scenario225,0
scenario226,0
scenario227,0
scenario228,0
scenario229,0
scenario230,0
scenario231,0
scenario232,0
scenario233,0
scenario234,0
scenario235,0
scenario236,0
scenario237,0
scenario238,1
scenario239,1
scenario240,1
scenario241,1
scenario242,1
scenario243,1
scenario244,1
scenario245,1
scenario246,1
scenario247,0
scenario248,0
scenario249,0
scenario250,1
scenario251,1
scenario252,1
scenario253,0
scenario254,0
scenario255,0
scenario256,0
scenario257,0
scenario258,0
scenario259,0
scenario260,0
scenario261,0
scenario262,0
scenario263,0
scenario264,0
scenario265,0
scenario266,0
scenario267,0
scenario268,0
scenario269,0
scenario270,0
scenario271,0
scenario272,0
scenario273,1
scenario274,0
scenario275,1
scenario276,1
scenario277,1
scenario278,0
scenario279,1
scenario280,0
scenario281,0
scenario282,1
scenario283,1
scenario284,1
scenario285,1
scenario286,1
scenario287,1
scenario288,1
scenario289,1
scenario290,0
scenario291,0
scenario292,0
scenario293,0
scenario294,0
scenario295,0
scenario296,0
scenario297,0
scenario298,0
scenario299,0
scenario300,0
scenario301,0
scenario302,0
scenario303,0
scenario304,0
scenario305,0
scenario306,0
scenario307,1
scenario308,1
scenario309,1
scenario310,0
scenario311,1
scenario312,1
scenario313,1
scenario314,0
scenario315,1
scenario316,1
scenario317,0
scenario318,1
scenario319,1
scenario320,1
scenario321,1
scenario322,0
scenario323,0
scenario324,1
scenario325,1
scenario326,1
scenario327,0
scenario328,0
scenario329,0
scenario330,0
scenario331,0
scenario332,0
scenario333,1
scenario334,0
scenario335,0
scenario336,0
scenario337,0
scenario338,1
scenario339,1
scenario340,1
scenario341,1
scenario342,1
scenario343,0
scenario344,0
scenario345,0
scenario346,0
scenario347,0
scenario348,1
scenario349,1
scenario350,1
scenario351,0
scenario352,1
scenario353,1
scenario354,1
scenario355,1
scenario356,0
scenario357,1
scenario358,1
scenario359,1
scenario360,1
scenario361,1
scenario362,0
scenario363,0
scenario364,0
scenario365,1
scenario366,0
scenario367,1
scenario368,0
scenario369,0
scenario370,0
scenario371,0
scenario372,1
scenario373,0
scenario374,0
scenario375,0
scenario376,0
scenario377,0
scenario378,1
scenario379,1
scenario380,0
scenario381,0
scenario382,1
scenario383,0
scenario384,0
scenario385,0
scenario386,1
scenario387,0
scenario388,0
scenario389,0
scenario390,1
scenario391,0
scenario392,0
scenario393,1
scenario394,1
scenario395,0
scenario396,0
scenario397,0
scenario398,0
scenario399,1
scenario400,0
scenario401,0
scenario402,0
scenario403,0
scenario404,0
scenario405,0
scenario406,0
scenario407,0
scenario408,0
scenario409,0
scenario410,1
scenario411,0
scenario412,0
scenario413,0
scenario414,0
scenario415,0
scenario416,0
scenario417,0
scenario418,1
scenario419,0
scenario420,0
scenario421,1
scenario422,1
scenario423,1
scenario424,1
scenario425,0
scenario426,0
scenario427,1
scenario428,1
scenario429,0
scenario430,1
scenario431,1
scenario432,0
scenario433,0
scenario434,1
scenario435,1
scenario436,1
scenario437,1
scenario438,1
scenario439,1
scenario440,1
scenario441,1
scenario442,0
scenario443,1
scenario444,1
scenario445,1
scenario446,0
scenario447,0
scenario448,1
scenario449,1
scenario450,1
scenario451,1
scenario452,1
scenario453,1
scenario454,1
scenario455,1
scenario456,1
scenario457,1
scenario458,1
scenario459,1
scenario460,1
scenario461,1
scenario462,1
scenario463,1
scenario464,1
scenario465,1
scenario466,1
scenario467,0
scenario468,1
scenario469,1
scenario470,1
scenario471,1
scenario472,1
scenario473,1
scenario474,1
scenario475,0
scenario476,1
scenario477,0
scenario478,0
scenario479,0
scenario480,0
scenario481,0
scenario482,0
scenario483,0
scenario484,0
scenario485,0
scenario486,0
scenario487,0
scenario488,0
scenario489,0
scenario490,1
scenario491,0
scenario492,0
scenario493,0
scenario494,0
scenario495,1
scenario496,1
scenario497,0
scenario498,0
scenario499,0
scenario500,0
scenario501,0
scenario502,0
scenario503,0
scenario504,0
scenario505,0
scenario506,0
scenario507,1
scenario508,0
scenario509,0
scenario510,0
scenario511,0
scenario512,0
scenario513,0
scenario514,0
scenario515,0
scenario516,0
scenario517,0
scenario518,0
scenario519,0
scenario520,0
scenario521,0
scenario522,0
scenario523,0
scenario524,0
scenario525,0
scenario526,0
scenario527,0
scenario528,0
scenario529,0
scenario530,0
scenario531,0
scenario532,0
scenario533,0
scenario534,0
scenario535,0
scenario536,0
scenario537,0
scenario538,0
scenario539,0
scenario540,1
scenario541,0
scenario542,0
scenario543,0
scenario544,0
scenario545,1
scenario546,0
scenario547,1
scenario548,0
scenario549,0
scenario550,0
scenario551,0
scenario552,0
scenario553,0
scenario554,0
scenario555,0
scenario556,0
scenario557,0
scenario558,0
scenario559,0
scenario560,0
scenario561,0
scenario562,0
scenario563,0
scenario564,0
scenario565,0
scenario566,0
scenario567,0
scenario568,0
scenario569,0
scenario570,0
scenario571,0
scenario572,0
scenario573,0
scenario574,0
scenario575,0
scenario576,0
scenario577,0
scenario578,0
scenario579,0
scenario580,0
scenario581,0
scenario582,0
scenario583,0
scenario584,0
scenario585,0
scenario586,0
scenario587,1
scenario588,0
scenario589,0
scenario590,0
scenario591,0
scenario592,0
scenario593,0
scenario594,0
scenario595,0
scenario596,0
scenario597,0
scenario598,0
scenario599,1
scenario600,0
scenario601,0
scenario602,0
scenario603,0
scenario604,0
scenario605,0
scenario606,0
scenario607,0
scenario608,0
scenario609,0
scenario610,0
scenario611,0
scenario612,0
scenario613,0
scenario614,0
scenario615,0
scenario616,0
scenario617,0
scenario618,1
scenario619,0
scenario620,0
scenario621,0
scenario622,0
scenario623,0
scenario624,0
scenario625,0
scenario626,0
scenario627,0
scenario628,0
scenario629,0
scenario630,0
scenario631,0
scenario632,0
scenario633,0
scenario634,0
scenario635,1
scenario636,0
scenario637,0
scenario638,0
scenario639,1
scenario640,0
scenario641,0
scenario642,0
scenario643,0
scenario644,0
scenario645,0
scenario646,1
scenario647,0
scenario648,0
scenario649,0
scenario650,0
scenario651,0
scenario652,0
scenario653,0
scenario654,0
scenario655,1
scenario656,0
scenario657,0
scenario658,0
scenario659,0
scenario660,0
scenario661,1
scenario662,0
scenario663,0
scenario664,0
scenario665,0
scenario666,0
scenario667,0
scenario668,1
scenario669,0
scenario670,0
scenario671,0
scenario672,0
scenario673,0
scenario674,0
scenario675,0
scenario676,1
scenario677,0
scenario678,0
scenario679,0
scenario680,0
scenario681,0
scenario682,1
scenario683,0
scenario684,0
scenario685,0
scenario686,0
scenario687,0
scenario688,1
scenario689,0
scenario690,0
scenario691,0
scenario692,0
scenario693,0
scenario694,0
scenario695,0
scenario696,0
scenario697,0
scenario698,1
scenario699,0
scenario700,0
scenario701,1
scenario702,0
scenario703,0
scenario704,0
scenario705,1
scenario706,0
scenario707,0
scenario708,0
scenario709,0
scenario710,0
scenario711,0
scenario712,0
scenario713,0
scenario714,0
scenario715,0
scenario716,0
scenario717,0
scenario718,0
scenario719,0
scenario720,0
scenario721,1
scenario722,0
scenario723,0
scenario724,0
scenario725,0
scenario726,0
scenario727,0
scenario728,0
scenario729,0
scenario730,1
scenario731,0
scenario732,0
scenario733,0
scenario734,0
scenario735,0
scenario736,1
scenario737,0
scenario738,0
scenario739,1
scenario740,1
scenario741,0
scenario742,0
scenario743,0
scenario744,0
scenario745,0
scenario746,0
scenario747,0
scenario748,0
scenario749,0
scenario750,0
scenario751,0
scenario752,0
scenario753,0
scenario754,0
scenario755,0
scenario756,0
scenario757,0
scenario758,0
scenario759,0
scenario760,0
scenario761,0
scenario762,0
scenario763,0
scenario764,0
scenario765,0
scenario766,0
scenario767,0
scenario768,0
scenario769,0
scenario770,0
scenario771,0
scenario772,0
scenario773,0
scenario774,0
scenario775,0
scenario776,0
scenario777,0
scenario778,0
scenario779,0
scenario780,0
scenario781,0
scenario782,0
scenario783,0
scenario784,0
scenario785,0
scenario786,0
scenario787,0
scenario788,0
scenario789,0
scenario790,0
scenario791,0
scenario792,0
scenario793,0
scenario794,0
scenario795,0
scenario796,0
scenario797,1
scenario798,0
scenario799,0
scenario800,0
scenario801,0
scenario802,0
scenario803,0
scenario804,0
scenario805,0
scenario806,0
scenario807,0
scenario808,0
scenario809,0
scenario810,1
scenario811,0
scenario812,0
scenario813,0
scenario814,1
scenario815,0
scenario816,0
scenario817,0
scenario818,0
scenario819,0
scenario820,0
scenario821,0
scenario822,0
scenario823,0
scenario824,1
scenario825,0
scenario826,0
scenario827,0
scenario828,0
scenario829,0
scenario830,0
scenario831,0
scenario832,0
scenario833,0
scenario834,0
scenario835,0
scenario836,0
scenario837,0
scenario838,0
scenario839,0
scenario840,0
scenario841,0
scenario842,0
scenario843,0
scenario844,0
scenario845,0
scenario846,0
scenario847,0
scenario848,0
scenario849,0
scenario850,0
scenario851,0
scenario852,0
scenario853,0
scenario854,0
scenario855,0
scenario856,0
scenario857,0
scenario858,0
scenario859,0
scenario860,0
scenario861,1
scenario862,0
scenario863,0
scenario864,1
scenario865,1
scenario866,0
scenario867,0
scenario868,0
scenario869,0
scenario870,0
scenario871,0
scenario872,1
scenario873,0
scenario874,1
scenario875,0
scenario876,0
scenario877,1
scenario878,0
scenario879,0
scenario880,0
scenario881,0
scenario882,0
scenario883,0
scenario884,0
scenario885,0
scenario886,0
scenario887,1
scenario888,0
scenario889,0
scenario890,0
scenario891,0
scenario892,1
scenario893,1
scenario894,0
scenario895,0
scenario896,0
scenario897,1
scenario898,1
scenario899,1
scenario900,1
scenario901,1
scenario902,0
scenario903,0
scenario904,1
scenario905,1
scenario906,1
scenario907,1
scenario908,1
scenario909,1
scenario910,1
scenario911,1
scenario912,0
scenario913,1
scenario914,1
scenario915,0
scenario916,0
scenario917,1
scenario918,0
scenario919,1
scenario920,1
scenario921,1
scenario922,0
scenario923,1
scenario924,0
scenario925,0
scenario926,0
scenario927,1
scenario928,0
scenario929,1
scenario930,1
scenario931,1
scenario932,1
scenario933,1
scenario934,1
scenario935,0
scenario936,0
scenario937,0
scenario938,0
scenario939,0
scenario940,1
scenario941,0
scenario942,0
scenario943,1
scenario944,0
scenario945,0
scenario946,0
scenario947,1
scenario948,0
scenario949,1
scenario950,0
scenario951,1
scenario952,1
scenario953,1
scenario954,0
scenario955,1
scenario956,1
scenario957,0
scenario958,1
scenario959,0
scenario960,0
scenario961,0
scenario962,0
scenario963,0
scenario964,0
scenario965,0
scenario966,0
scenario967,0
scenario968,0
scenario969,0
scenario970,0
scenario971,0
scenario972,0
scenario973,1
scenario974,0
scenario975,0
scenario976,0
scenario977,1
scenario978,0
scenario979,0
scenario980,0
scenario981,0
scenario982,1
scenario983,0
scenario984,0
scenario985,1
scenario986,0
scenario987,1
scenario988,0
scenario989,1
scenario990,1
scenario991,1
scenario992,0
scenario993,1
scenario994,1
scenario995,1
scenario996,0
scenario997,0
scenario998,1
scenario999,1
scenario1000,1
scenario1001,0
scenario1002,1
scenario1003,0
scenario1004,0
scenario1005,1
scenario1006,0
scenario1007,0
scenario1008,1
scenario1009,1
scenario1010,0
scenario1011,1
scenario1012,0
scenario1013,1
scenario1014,1
scenario1015,0
scenario1016,0
scenario1017,1
scenario1018,0
scenario1019,0
scenario1020,0
scenario1021,1
scenario1022,0
scenario1023,1
scenario1024,0
scenario1025,0
scenario1026,1
scenario1027,1
scenario1028,1
scenario1029,1
scenario1030,0
scenario1031,0
scenario1032,1
scenario1033,0
scenario1034,1
scenario1035,1
scenario1036,0
scenario1037,1
scenario1038,0
scenario1039,0
scenario1040,1
scenario1041,0
scenario1042,1
scenario1043,1
scenario1044,0
scenario1045,0
scenario1046,1
scenario1047,0
scenario1048,0
scenario1049,0
scenario1050,1
scenario1051,1
scenario1052,0
scenario1053,0
scenario1054,1
scenario1055,0
scenario1056,1
scenario1057,1
scenario1058,1
scenario1059,1
scenario1060,1
scenario1061,0
scenario1062,1
scenario1063,0
scenario1064,1
scenario1065,0
scenario1066,0
scenario1067,1
scenario1068,0
scenario1069,0
scenario1070,1
scenario1071,0
scenario1072,1
scenario1073,1
scenario1074,1
scenario1075,1
scenario1076,1
scenario1077,0
scenario1078,0
scenario1079,0
scenario1080,1
scenario1081,1
scenario1082,1
scenario1083,1
scenario1084,0
scenario1085,1
scenario1086,0
scenario1087,1
scenario1088,0
scenario1089,0
scenario1090,1
scenario1091,0
scenario1092,0
scenario1093,0
scenario1094,0
scenario1095,0
scenario1096,0
scenario1097,0
scenario1098,0
scenario1099,0
scenario1100,0
scenario1101,0
scenario1102,1
scenario1103,0
scenario1104,1
scenario1105,0
scenario1106,0
scenario1107,0
scenario1108,0
scenario1109,0
scenario1110,0
scenario1111,0
scenario1112,0
scenario1113,0
scenario1114,0
scenario1115,0
scenario1116,0
scenario1117,0
scenario1118,0
scenario1119,0
scenario1120,0
scenario1121,1
scenario1122,0
scenario1123,1
scenario1124,1
scenario1125,1
scenario1126,0
scenario1127,1
scenario1128,1
scenario1129,0
scenario1130,1
scenario1131,0
scenario1132,1
scenario1133,1
scenario1134,1
scenario1135,1
scenario1136,0
scenario1137,0
scenario1138,1
scenario1139,1
scenario1140,1
scenario1141,1
scenario1142,1
scenario1143,1
scenario1144,1
scenario1145,0
scenario1146,1
scenario1147,1
scenario1148,1
scenario1149,1
scenario1150,1
scenario1151,0
scenario1152,0
scenario1153,1
scenario1154,1
scenario1155,0
scenario1156,1
scenario1157,0
scenario1158,1
scenario1159,1
scenario1160,1
scenario1161,1
scenario1162,0
scenario1163,1
scenario1164,0
scenario1165,0
scenario1166,0
scenario1167,0
scenario1168,1
scenario1169,0
scenario1170,0
scenario1171,1
scenario1172,0
scenario1173,0
scenario1174,1
scenario1175,0
scenario1176,1
scenario1177,0
scenario1178,1
scenario1179,1
scenario1180,0
scenario1181,0
scenario1182,1
scenario1183,0
scenario1184,0
scenario1185,1
scenario1186,1
scenario1187,1
scenario1188,1
scenario1189,0
scenario1190,0
scenario1191,1
scenario1192,1
scenario1193,1
scenario1194,1
scenario1195,1
scenario1196,1
scenario1197,0
scenario1198,1
scenario1199,1
scenario1200,1
scenario1201,1
scenario1202,1
scenario1203,0
scenario1204,0
scenario1205,0
scenario1206,0
scenario1207,0
scenario1208,1
scenario1209,0
scenario1210,0
scenario1211,1
scenario1212,0
scenario1213,0
scenario1214,1
scenario1215,0
scenario1216,0
scenario1217,0
scenario1218,1
scenario1219,1
scenario1220,1
scenario1221,0
scenario1222,0
scenario1223,0
scenario1224,0
scenario1225,0
scenario1226,0
scenario1227,0
scenario1228,0
scenario1229,0
scenario1230,0
scenario1231,0
scenario1232,0
scenario1233,0
scenario1234,0
scenario1235,0
scenario1236,0
scenario1237,0
scenario1238,0
scenario1239,0
scenario1240,0
scenario1241,0
scenario1242,0
scenario1243,0
scenario1244,0
scenario1245,0
scenario1246,1
scenario1247,1
scenario1248,1
scenario1249,1
scenario1250,1
scenario1251,1
scenario1252,1
scenario1253,1
scenario1254,1
scenario1255,0
scenario1256,0
scenario1257,0
scenario1258,0
scenario1259,1
scenario1260,0
scenario1261,0
scenario1262,1
scenario1263,1
scenario1264,0
scenario1265,0
scenario1266,1
scenario1267,0
scenario1268,1
scenario1269,1
scenario1270,1
scenario1271,1
scenario1272,0
scenario1273,0
scenario1274,1
scenario1275,0
scenario1276,0
scenario1277,0
scenario1278,1
scenario1279,1
scenario1280,0
scenario1281,1
scenario1282,0
scenario1283,0
scenario1284,0
scenario1285,1
scenario1286,0
scenario1287,1
scenario1288,1
scenario1289,0
scenario1290,1
scenario1291,0
scenario1292,0
scenario1293,1
scenario1294,1
scenario1295,0
scenario1296,0
scenario1297,1
scenario1298,0
scenario1299,1
scenario1300,0
scenario1301,0
scenario1302,0
scenario1303,0
scenario1304,1
scenario1305,0
scenario1306,1
scenario1307,1
scenario1308,1
scenario1309,1
scenario1310,1
scenario1311,1
scenario1312,1
scenario1313,1
scenario1314,1
scenario1315,1
scenario1316,0
scenario1317,1
scenario1318,0
scenario1319,0
scenario1320,0
scenario1321,0
scenario1322,0
scenario1323,0
scenario1324,0
scenario1325,0
scenario1326,0
scenario1327,0
scenario1328,0
scenario1329,0
scenario1330,0
scenario1331,0
scenario1332,0
scenario1333,0
scenario1334,0
scenario1335,0
scenario1336,0
scenario1337,0
scenario1338,0
scenario1339,0
scenario1340,0
scenario1341,0
scenario1342,0
scenario1343,0
scenario1344,0
scenario1345,0
scenario1346,0
scenario1347,0
scenario1348,0
scenario1349,0
scenario1350,0
scenario1351,0
scenario1352,0
scenario1353,0
scenario1354,0
scenario1355,0
scenario1356,0
scenario1357,0
scenario1358,1
scenario1359,0
scenario1360,0
scenario1361,1
scenario1362,1
scenario1363,0
scenario1364,0
scenario1365,0
scenario1366,0
scenario1367,0
scenario1368,0
scenario1369,0
scenario1370,0
scenario1371,0
scenario1372,0
scenario1373,0
scenario1374,0
scenario1375,0
scenario1376,1
scenario1377,1
scenario1378,0
scenario1379,0
scenario1380,0
scenario1381,0
scenario1382,0
scenario1383,0
scenario1384,0
scenario1385,0
scenario1386,0
scenario1387,1
scenario1388,0
scenario1389,0
scenario1390,1
scenario1391,1
scenario1392,0
scenario1393,0
scenario1394,1
scenario1395,0
scenario1396,0
scenario1397,0
scenario1398,0
scenario1399,1
scenario1400,1
scenario1401,0
scenario1402,0
scenario1403,1
scenario1404,0
scenario1405,0
scenario1406,1
scenario1407,0
scenario1408,0
scenario1409,0
scenario1410,0
scenario1411,0
scenario1412,0
scenario1413,0
scenario1414,0
scenario1415,0
scenario1416,0
scenario1417,0
scenario1418,0
scenario1419,0
scenario1420,0
scenario1421,0
scenario1422,0
scenario1423,0
scenario1424,0
scenario1425,0
scenario1426,0
scenario1427,0
scenario1428,0
scenario1429,0
scenario1430,0
scenario1431,0
scenario1432,0
scenario1433,0
scenario1434,0
scenario1435,0
scenario1436,0
scenario1437,0
scenario1438,0
scenario1439,0
scenario1440,0
scenario1441,0
scenario1442,0
scenario1443,0
scenario1444,0
scenario1445,1
scenario1446,1
scenario1447,0
scenario1448,0
scenario1449,0
scenario1450,0
scenario1451,0
scenario1452,0
scenario1453,0
scenario1454,0
scenario1455,0
scenario1456,0
scenario1457,0
scenario1458,0
scenario1459,0
scenario1460,0
scenario1461,0
scenario1462,0
scenario1463,0
scenario1464,0
scenario1465,0
scenario1466,0
scenario1467,0
scenario1468,0
scenario1469,0
scenario1470,0
scenario1471,0
scenario1472,0
scenario1473,1
scenario1474,0
scenario1475,1
scenario1476,0
scenario1477,1
scenario1478,1
scenario1479,0
scenario1480,1
scenario1481,1
scenario1482,1
scenario1483,1
scenario1484,1
scenario1485,0
scenario1486,1
scenario1487,1
scenario1488,0
scenario1489,1
scenario1490,0
scenario1491,0
scenario1492,0
scenario1493,1
scenario1494,0
scenario1495,1
scenario1496,0
scenario1497,1
scenario1498,0
scenario1499,1
scenario1500,1
scenario1501,0
scenario1502,1
scenario1503,0
scenario1504,0
scenario1505,0
scenario1506,1
scenario1507,1
scenario1508,0
scenario1509,0
scenario1510,0
scenario1511,1
scenario1512,1
scenario1513,0
scenario1514,0
scenario1515,1
scenario1516,0
scenario1517,0
scenario1518,0
scenario1519,0
scenario1520,0
scenario1521,1
scenario1522,0
scenario1523,1
scenario1524,0
scenario1525,0
scenario1526,0
scenario1527,0
scenario1528,0
scenario1529,0
scenario1530,0
scenario1531,0
scenario1532,0
scenario1533,0
scenario1534,1
scenario1535,0
scenario1536,0
scenario1537,0
scenario1538,0
scenario1539,0
scenario1540,1
scenario1541,0
scenario1542,0
scenario1543,1
scenario1544,1
scenario1545,0
scenario1546,0
scenario1547,0
scenario1548,1
scenario1549,0
scenario1550,0
scenario1551,0
scenario1552,0
scenario1553,0
scenario1554,1
scenario1555,0
scenario1556,0
scenario1557,1
scenario1558,0
scenario1559,0
scenario1560,1
scenario1561,1
scenario1562,0
scenario1563,0
scenario1564,0
scenario1565,0
scenario1566,1
scenario1567,0
scenario1568,0
scenario1569,1
scenario1570,0
scenario1571,1
scenario1572,0
scenario1573,1
scenario1574,0
scenario1575,0
scenario1576,0
scenario1577,0
scenario1578,0
scenario1579,0
scenario1580,1
scenario1581,1
scenario1582,0
scenario1583,0
scenario1584,0
scenario1585,0
scenario1586,1
scenario1587,0
scenario1588,0
scenario1589,0
scenario1590,0
scenario1591,0
scenario1592,0
scenario1593,0
scenario1594,0
scenario1595,0
scenario1596,0
scenario1597,0
scenario1598,0
scenario1599,0
scenario1600,0
scenario1601,1
scenario1602,0
scenario1603,0
scenario1604,0
scenario1605,0
scenario1606,0
scenario1607,0
scenario1608,1
scenario1609,1
scenario1610,0
scenario1611,0
scenario1612,1
scenario1613,0
scenario1614,0
scenario1615,0
scenario1616,1
scenario1617,0
scenario1618,0
scenario1619,0
scenario1620,0
scenario1621,0
scenario1622,0
scenario1623,0
scenario1624,0
scenario1625,0
scenario1626,0
scenario1627,0
scenario1628,1
scenario1629,0
scenario1630,1
scenario1631,0
scenario1632,0
scenario1633,0
scenario1634,0
scenario1635,0
scenario1636,1
scenario1637,0
scenario1638,1
scenario1639,0
scenario1640,0
scenario1641,0
scenario1642,0
scenario1643,0
scenario1644,0
scenario1645,0
scenario1646,0
scenario1647,0
scenario1648,0
scenario1649,0
scenario1650,0
scenario1651,0
scenario1652,0
scenario1653,1
scenario1654,0
scenario1655,0
scenario1656,1
scenario1657,0
scenario1658,0
scenario1659,0
scenario1660,1
scenario1661,1
scenario1662,0
scenario1663,1
scenario1664,0
scenario1665,0
scenario1666,0
scenario1667,0
scenario1668,0
scenario1669,1
scenario1670,0
scenario1671,1
scenario1672,0
scenario1673,1
scenario1674,0
scenario1675,0
scenario1676,0
scenario1677,0
scenario1678,0
scenario1679,0
scenario1680,0
scenario1681,1
scenario1682,0
scenario1683,0
scenario1684,0
scenario1685,0
scenario1686,1
scenario1687,0
scenario1688,0
scenario1689,0
scenario1690,0
scenario1691,0
scenario1692,0
scenario1693,0
scenario1694,0
scenario1695,0
scenario1696,0
scenario1697,0
scenario1698,1
scenario1699,0
scenario1700,0
scenario1701,0
scenario1702,1
scenario1703,0
scenario1704,0
scenario1705,1
scenario1706,0
scenario1707,0
scenario1708,0
scenario1709,0
scenario1710,0
scenario1711,0
scenario1712,1
scenario1713,1
scenario1714,0
scenario1715,0
scenario1716,1
scenario1717,0
scenario1718,0
scenario1719,0
scenario1720,0
scenario1721,0
scenario1722,0
scenario1723,0
scenario1724,0
scenario1725,0
scenario1726,0
scenario1727,0
scenario1728,0
scenario1729,0
scenario1730,1
scenario1731,0
scenario1732,0
scenario1733,0
scenario1734,1
scenario1735,0
scenario1736,0
scenario1737,0
scenario1738,0
scenario1739,0
scenario1740,0
scenario1741,1
scenario1742,0
scenario1743,0
scenario1744,0
scenario1745,0
scenario1746,1
scenario1747,0
scenario1748,1
scenario1749,0
scenario1750,0
scenario1751,0
scenario1752,0
scenario1753,1
scenario1754,1
scenario1755,0
scenario1756,0
scenario1757,0
scenario1758,0
scenario1759,0
scenario1760,0
scenario1761,0
scenario1762,0
scenario1763,0
scenario1764,0
scenario1765,0
scenario1766,0
scenario1767,0
scenario1768,0
scenario1769,0
scenario1770,1
scenario1771,1
scenario1772,0
scenario1773,0
scenario1774,0
scenario1775,0
scenario1776,0
scenario1777,0
scenario1778,0
scenario1779,1
scenario1780,1
scenario1781,0
scenario1782,0
scenario1783,0
scenario1784,0
scenario1785,0
scenario1786,0
scenario1787,0
scenario1788,0
scenario1789,0
scenario1790,0
scenario1791,0
scenario1792,0
scenario1793,0
scenario1794,0
scenario1795,1
scenario1796,0
scenario1797,0
scenario1798,0
scenario1799,0
scenario1800,0
scenario1801,0
scenario1802,1
scenario1803,0
scenario1804,0
scenario1805,1
scenario1806,0
scenario1807,0
scenario1808,0
scenario1809,1
scenario1810,0
scenario1811,0
scenario1812,0
scenario1813,1
scenario1814,0
scenario1815,0
scenario1816,0
scenario1817,0
scenario1818,0
scenario1819,0
scenario1820,0
scenario1821,0
scenario1822,1
scenario1823,0
scenario1824,0
scenario1825,1
scenario1826,0
scenario1827,0
scenario1828,0
scenario1829,0
scenario1830,0
scenario1831,0
scenario1832,1
scenario1833,0
scenario1834,0
scenario1835,0
scenario1836,1
scenario1837,0
scenario1838,1
scenario1839,0
scenario1840,0
scenario1841,0
scenario1842,0
scenario1843,0
scenario1844,1
scenario1845,0
scenario1846,0
scenario1847,1
scenario1848,0
scenario1849,0
scenario1850,0
scenario1851,0
scenario1852,0
scenario1853,0
scenario1854,0
scenario1855,0
scenario1856,1
scenario1857,0
scenario1858,0
scenario1859,0
scenario1860,0
scenario1861,0
scenario1862,0
scenario1863,1
scenario1864,0
scenario1865,0
scenario1866,0
scenario1867,0
scenario1868,0
scenario1869,0
scenario1870,0
scenario1871,0
scenario1872,0
scenario1873,0
scenario1874,0
scenario1875,0
scenario1876,0
scenario1877,1
scenario1878,0
scenario1879,0
scenario1880,1
scenario1881,0
scenario1882,0
scenario1883,0
scenario1884,0
scenario1885,0
scenario1886,0
scenario1887,0
scenario1888,1
scenario1889,1
scenario1890,0
scenario1891,0
scenario1892,1
scenario1893,0
scenario1894,0
scenario1895,0
scenario1896,0
scenario1897,0
scenario1898,0
scenario1899,0
scenario1900,0
scenario1901,0
scenario1902,1
scenario1903,1
scenario1904,1
scenario1905,0
scenario1906,0
scenario1907,0
scenario1908,1
scenario1909,0
scenario1910,0
scenario1911,0
scenario1912,0
scenario1913,0
scenario1914,0
scenario1915,1
scenario1916,0
scenario1917,0
scenario1918,0
scenario1919,0
scenario1920,1
scenario1921,0
scenario1922,1
scenario1923,1
scenario1924,1
scenario1925,0
scenario1926,1
scenario1927,1
scenario1928,0
scenario1929,0
scenario1930,1
scenario1931,1
scenario1932,1
scenario1933,0
scenario1934,1
scenario1935,1
scenario1936,0
scenario1937,1
scenario1938,1
scenario1939,0
scenario1940,0
scenario1941,1
scenario1942,1
scenario1943,1
scenario1944,1
scenario1945,1
scenario1946,0
scenario1947,0
scenario1948,0
scenario1949,1
scenario1950,1
scenario1951,0
scenario1952,1
scenario1953,1
scenario1954,1
scenario1955,1
scenario1956,1
scenario1957,1
scenario1958,1
scenario1959,1
scenario1960,1
scenario1961,0
scenario1962,1
scenario1963,1
scenario1964,0
scenario1965,1
scenario1966,1
scenario1967,0
scenario1968,1
scenario1969,1
scenario1970,1
scenario1971,0
scenario1972,0
scenario1973,0
scenario1974,1
scenario1975,1
scenario1976,1
scenario1977,1
scenario1978,1
scenario1979,1
scenario1980,1
scenario1981,0
scenario1982,1
scenario1983,1
scenario1984,0
scenario1985,1
scenario1986,1
scenario1987,0
scenario1988,1
scenario1989,1
scenario1990,0
scenario1991,0
scenario1992,0
scenario1993,0
scenario1994,1
scenario1995,1
scenario1996,1
scenario1997,1
scenario1998,1
scenario1999,1
scenario2000,1
scenario2001,1
scenario2002,1
scenario2003,1
scenario2004,1
scenario2005,0
scenario2006,0
scenario2007,0
scenario2008,0
scenario2009,0
scenario2010,0
scenario2011,0
scenario2012,1
scenario2013,0
scenario2014,1
scenario2015,0
scenario2016,0
scenario2017,0
scenario2018,1
scenario2019,0
scenario2020,1
scenario2021,1
scenario2022,0
scenario2023,0
scenario2024,1
scenario2025,1
scenario2026,0
scenario2027,0
scenario2028,0
scenario2029,0
scenario2030,1
scenario2031,0
scenario2032,0
scenario2033,1
scenario2034,0
scenario2035,1
scenario2036,0
scenario2037,1
scenario2038,0
scenario2039,0
scenario2040,0
scenario2041,0
scenario2042,0
scenario2043,0
scenario2044,0
scenario2045,0
scenario2046,0
scenario2047,0
scenario2048,0
scenario2049,1
scenario2050,0
scenario2051,0
scenario2052,0
scenario2053,1
scenario2054,1
scenario2055,0
scenario2056,1
scenario2057,1
scenario2058,0
scenario2059,0
scenario2060,0
scenario2061,1
scenario2062,1
scenario2063,1
scenario2064,1
scenario2065,1
scenario2066,1
scenario2067,1
scenario2068,0
scenario2069,1
scenario2070,0
scenario2071,1
scenario2072,1
scenario2073,1
scenario2074,0
scenario2075,1
scenario2076,1
scenario2077,0
scenario2078,1
scenario2079,1
scenario2080,1
scenario2081,1
scenario2082,1
scenario2083,0
scenario2084,1
scenario2085,1
scenario2086,1
scenario2087,1
scenario2088,1
scenario2089,0
scenario2090,1
scenario2091,1
scenario2092,1
scenario2093,0
scenario2094,1
scenario2095,1
scenario2096,1
scenario2097,1
scenario2098,1
scenario2099,0
scenario2100,1
scenario2101,0
scenario2102,1
scenario2103,1
scenario2104,0
scenario2105,1
scenario2106,0
scenario2107,0
scenario2108,0
scenario2109,1
scenario2110,1
scenario2111,0
scenario2112,1
scenario2113,1
scenario2114,0
scenario2115,0
scenario2116,1
scenario2117,1
scenario2118,1
scenario2119,0
scenario2120,1
scenario2121,1
scenario2122,1
scenario2123,1
scenario2124,1
scenario2125,0
scenario2126,0
scenario2127,1
scenario2128,1
scenario2129,1
scenario2130,1
scenario2131,1
scenario2132,1
scenario2133,0
scenario2134,1
scenario2135,1
scenario2136,1
scenario2137,1
scenario2138,1
scenario2139,1
scenario2140,1
scenario2141,1
scenario2142,1
scenario2143,1
scenario2144,0
scenario2145,0
scenario2146,0
scenario2147,0
scenario2148,0
scenario2149,0
scenario2150,0
scenario2151,0
scenario2152,0
scenario2153,0
scenario2154,0
scenario2155,0
scenario2156,0
scenario2157,0
scenario2158,0
scenario2159,0
scenario2160,0
scenario2161,0
scenario2162,1
scenario2163,0
scenario2164,1
scenario2165,1
scenario2166,0
scenario2167,0
scenario2168,1
scenario2169,0
scenario2170,1
scenario2171,1
scenario2172,1
scenario2173,1
scenario2174,0
scenario2175,1
scenario2176,0
scenario2177,1
scenario2178,1
scenario2179,0
scenario2180,1
scenario2181,1
scenario2182,0
scenario2183,1
scenario2184,0
scenario2185,0
scenario2186,0
scenario2187,1
scenario2188,0
scenario2189,0
scenario2190,1
scenario2191,0
scenario2192,0
scenario2193,1
scenario2194,1
scenario2195,1
scenario2196,1
scenario2197,0
scenario2198,1
scenario2199,1
scenario2200,0
scenario2201,1
scenario2202,1
scenario2203,1
scenario2204,1
scenario2205,1
scenario2206,1
scenario2207,0
scenario2208,1
scenario2209,1
scenario2210,0
scenario2211,0
scenario2212,0
scenario2213,1
scenario2214,1
scenario2215,1
scenario2216,1
scenario2217,0
scenario2218,1
scenario2219,1
scenario2220,1
scenario2221,1
scenario2222,0
scenario2223,0
scenario2224,1
scenario2225,1
scenario2226,1
scenario2227,1
scenario2228,0
scenario2229,1
scenario2230,1
scenario2231,0
scenario2232,0
scenario2233,0
scenario2234,0
scenario2235,0
scenario2236,0
scenario2237,0
scenario2238,0
scenario2239,0
scenario2240,1
scenario2241,0
scenario2242,1
scenario2243,1
scenario2244,0
scenario2245,1
scenario2246,1
scenario2247,1
scenario2248,1
scenario2249,1
scenario2250,0
scenario2251,0
scenario2252,0
scenario2253,1
scenario2254,1
scenario2255,0
scenario2256,1
scenario2257,1
scenario2258,0
scenario2259,0
scenario2260,1
scenario2261,1
scenario2262,1
scenario2263,1
scenario2264,0
scenario2265,1
scenario2266,1
scenario2267,1
scenario2268,0
scenario2269,1
scenario2270,1
scenario2271,1
scenario2272,1
scenario2273,1
scenario2274,0
scenario2275,1
scenario2276,1
scenario2277,1
scenario2278,0
scenario2279,1
scenario2280,1
scenario2281,1
scenario2282,0
scenario2283,0
scenario2284,1
scenario2285,1
scenario2286,1
scenario2287,0
scenario2288,1
scenario2289,1
scenario2290,1
scenario2291,1
scenario2292,1
scenario2293,1
scenario2294,1
scenario2295,1
scenario2296,1
scenario2297,1
scenario2298,1
scenario2299,1
scenario2300,1
scenario2301,1
scenario2302,0
scenario2303,1
scenario2304,0
scenario2305,0
scenario2306,0
scenario2307,0
scenario2308,0
scenario2309,0
scenario2310,0
scenario2311,0
scenario2312,0
scenario2313,0
scenario2314,0
scenario2315,0
scenario2316,0
scenario2317,0
scenario2318,0
scenario2319,0
scenario2320,0
scenario2321,1
scenario2322,1
scenario2323,0
scenario2324,1
scenario2325,0
scenario2326,1
scenario2327,0
scenario2328,0
scenario2329,1
scenario2330,1
scenario2331,1
scenario2332,0
scenario2333,0
scenario2334,1
scenario2335,1
scenario2336,1
scenario2337,1
scenario2338,1
scenario2339,0
scenario2340,1
scenario2341,0
scenario2342,0
scenario2343,0
scenario2344,1
scenario2345,0
scenario2346,0
scenario2347,1
scenario2348,0
scenario2349,0
scenario2350,0
scenario2351,1
scenario2352,0
scenario2353,1
scenario2354,0
scenario2355,1
scenario2356,0
scenario2357,0
scenario2358,0
scenario2359,0
scenario2360,0
scenario2361,0
scenario2362,0
scenario2363,0
scenario2364,0
scenario2365,0
scenario2366,0
scenario2367,0
scenario2368,0
scenario2369,0
scenario2370,0
scenario2371,0
scenario2372,0
scenario2373,0
scenario2374,1
scenario2375,0
scenario2376,0
scenario2377,0
scenario2378,1
scenario2379,1
scenario2380,1
scenario2381,0
scenario2382,0
scenario2383,1
scenario2384,1
scenario2385,0
scenario2386,1
scenario2387,1
scenario2388,1
scenario2389,1
scenario2390,1
scenario2391,1
scenario2392,1
scenario2393,1
scenario2394,1
scenario2395,0
scenario2396,1
scenario2397,0
scenario2398,0
scenario2399,0
scenario2400,0
scenario2401,0
scenario2402,1
scenario2403,0
scenario2404,1
scenario2405,0
scenario2406,0
scenario2407,0
scenario2408,0
scenario2409,1
scenario2410,1
scenario2411,0
scenario2412,1
scenario2413,0
scenario2414,0
scenario2415,0
scenario2416,1
scenario2417,1
scenario2418,0
scenario2419,0
scenario2420,0
scenario2421,0
scenario2422,1
scenario2423,0
scenario2424,1
scenario2425,1
scenario2426,1
scenario2427,1
scenario2428,0
scenario2429,1
scenario2430,1
scenario2431,1
scenario2432,1
scenario2433,1
scenario2434,1
scenario2435,1
scenario2436,1
scenario2437,0
scenario2438,1
scenario2439,1
scenario2440,0
scenario2441,1
scenario2442,1
scenario2443,0
scenario2444,0
scenario2445,1
scenario2446,1
scenario2447,1
scenario2448,0
scenario2449,1
scenario2450,0
scenario2451,1
scenario2452,1
scenario2453,0
scenario2454,1
scenario2455,1
scenario2456,0
scenario2457,1
scenario2458,0
scenario2459,1
scenario2460,1
scenario2461,0
scenario2462,0
scenario2463,1
scenario2464,0
scenario2465,0
scenario2466,0
scenario2467,0
scenario2468,0
scenario2469,0
scenario2470,1
scenario2471,1
scenario2472,1
scenario2473,1
scenario2474,1
scenario2475,1
scenario2476,0
scenario2477,0
scenario2478,0
scenario2479,1
scenario2480,0
scenario2481,1
scenario2482,1
scenario2483,0
scenario2484,0
scenario2485,0
scenario2486,1
scenario2487,0
scenario2488,0
scenario2489,1
scenario2490,1
scenario2491,0
scenario2492,1
scenario2493,0
scenario2494,0
scenario2495,1
scenario2496,1
scenario2497,1
scenario2498,1
scenario2499,1
scenario2500,1
scenario2501,1
scenario2502,1
scenario2503,1
scenario2504,1
scenario2505,1
scenario2506,0
scenario2507,0
scenario2508,0
scenario2509,0
scenario2510,0
scenario2511,0
scenario2512,0
scenario2513,0
scenario2514,0
scenario2515,0
scenario2516,0
scenario2517,0
scenario2518,0
scenario2519,0
scenario2520,0
scenario2521,0
scenario2522,0
scenario2523,0
scenario2524,0
scenario2525,0
scenario2526,0
scenario2527,0
scenario2528,0
scenario2529,0
scenario2530,0
scenario2531,0
scenario2532,0
scenario2533,0
scenario2534,0
scenario2535,0
scenario2536,0
scenario2537,0
scenario2538,0
scenario2539,0
scenario2540,0
scenario2541,0
scenario2542,0
scenario2543,0
scenario2544,0
scenario2545,0
scenario2546,0
scenario2547,0
scenario2548,0
scenario2549,0
scenario2550,0
scenario2551,0
scenario2552,0
scenario2553,0
scenario2554,0
scenario2555,0
scenario2556,1
scenario2557,0
scenario2558,0
scenario2559,1
scenario2560,0
scenario2561,0
scenario2562,0
scenario2563,1
scenario2564,1
scenario2565,1
scenario2566,0
scenario2567,1
scenario2568,1
scenario2569,1
scenario2570,1
scenario2571,1
scenario2572,1
scenario2573,1
scenario2574,0
scenario2575,0
scenario2576,1
scenario2577,1
scenario2578,1
scenario2579,1
scenario2580,1
scenario2581,1
scenario2582,0
scenario2583,0
scenario2584,1
scenario2585,1
scenario2586,1
scenario2587,0
scenario2588,1
scenario2589,1
scenario2590,1
scenario2591,0
scenario2592,0
scenario2593,1
scenario2594,1
scenario2595,1
scenario2596,1
scenario2597,1
scenario2598,0
scenario2599,1
scenario2600,1
scenario2601,1
scenario2602,1
scenario2603,1
scenario2604,1
scenario2605,1
scenario2606,1
scenario2607,1
scenario2608,1
scenario2609,1
scenario2610,1
scenario2611,1
scenario2612,0
scenario2613,0
scenario2614,0
scenario2615,0
scenario2616,0
scenario2617,0
scenario2618,0
scenario2619,1
scenario2620,0
scenario2621,1
scenario2622,0
scenario2623,0
scenario2624,0
scenario2625,0
scenario2626,0
scenario2627,0
scenario2628,0
scenario2629,0
scenario2630,0
scenario2631,1
scenario2632,1
scenario2633,0
scenario2634,0
scenario2635,0
scenario2636,0
scenario2637,0
scenario2638,0
scenario2639,0
scenario2640,0
scenario2641,0
scenario2642,0
scenario2643,0
scenario2644,0
scenario2645,1
scenario2646,0
scenario2647,0
scenario2648,0
scenario2649,0
scenario2650,0
scenario2651,0
scenario2652,0
scenario2653,0
scenario2654,1
scenario2655,1
scenario2656,0
scenario2657,0
scenario2658,0
scenario2659,0
scenario2660,0
scenario2661,0
scenario2662,0
scenario2663,0
scenario2664,1
scenario2665,0
scenario2666,1
scenario2667,0
scenario2668,1
scenario2669,0
scenario2670,0
scenario2671,0
scenario2672,0
scenario2673,1
scenario2674,1
scenario2675,0
scenario2676,0
scenario2677,0
scenario2678,0
scenario2679,0
scenario2680,0
scenario2681,0
scenario2682,0
scenario2683,1
scenario2684,1
scenario2685,1
scenario2686,1
scenario2687,0
scenario2688,0
scenario2689,0
scenario2690,1
scenario2691,1
scenario2692,0
scenario2693,0
scenario2694,0
scenario2695,1
scenario2696,0
scenario2697,0
scenario2698,0
scenario2699,0
scenario2700,0
scenario2701,0
scenario2702,0
scenario2703,0
scenario2704,0
scenario2705,0
scenario2706,0
scenario2707,1
scenario2708,0
scenario2709,0
scenario2710,0
scenario2711,0
scenario2712,0
scenario2713,0
scenario2714,1
scenario2715,0
scenario2716,0
scenario2717,0
scenario2718,0
scenario2719,0
scenario2720,0
scenario2721,0
scenario2722,0
scenario2723,0
scenario2724,0
scenario2725,1
scenario2726,0
scenario2727,0
scenario2728,0
scenario2729,0
scenario2730,0
scenario2731,0
scenario2732,0
scenario2733,0
scenario2734,0
scenario2735,0
scenario2736,1
scenario2737,0
scenario2738,1
scenario2739,0
scenario2740,0
scenario2741,1
scenario2742,0
scenario2743,0
scenario2744,0
scenario2745,0
scenario2746,0
scenario2747,0
scenario2748,0
scenario2749,0
scenario2750,0
scenario2751,0
scenario2752,0
scenario2753,0
scenario2754,0
scenario2755,0
scenario2756,0
scenario2757,1
scenario2758,1
scenario2759,0
scenario2760,1
scenario2761,1
scenario2762,1
scenario2763,0
scenario2764,0
scenario2765,0
scenario2766,0
scenario2767,0
scenario2768,0
scenario2769,1
scenario2770,0
scenario2771,0
scenario2772,0
scenario2773,0
scenario2774,0
scenario2775,0
scenario2776,0
scenario2777,0
scenario2778,0
scenario2779,0
scenario2780,1
scenario2781,1
scenario2782,0
scenario2783,0
scenario2784,0
scenario2785,1
scenario2786,0
scenario2787,0
scenario2788,0
scenario2789,0
scenario2790,0
scenario2791,0
scenario2792,0
scenario2793,0
scenario2794,0
scenario2795,0
scenario2796,0
scenario2797,0
scenario2798,0
scenario2799,0
scenario2800,0
scenario2801,0
scenario2802,0
scenario2803,0
scenario2804,0
scenario2805,0
scenario2806,0
scenario2807,1
scenario2808,1
scenario2809,0
scenario2810,0
scenario2811,0
scenario2812,1
scenario2813,0
scenario2814,0
scenario2815,0
scenario2816,0
scenario2817,0
scenario2818,0
scenario2819,0
scenario2820,0
scenario2821,0
scenario2822,1
scenario2823,0
scenario2824,0
scenario2825,1
scenario2826,0
scenario2827,1
scenario2828,0
scenario2829,0
scenario2830,0
scenario2831,0
scenario2832,0
scenario2833,0
scenario2834,0
scenario2835,1
scenario2836,0
scenario2837,0
scenario2838,0
scenario2839,0
scenario2840,0
scenario2841,0
scenario2842,0
scenario2843,0
scenario2844,1
scenario2845,0
scenario2846,0
scenario2847,0
scenario2848,0
scenario2849,0
scenario2850,0
scenario2851,0
scenario2852,0
scenario2853,0
scenario2854,1
scenario2855,0
scenario2856,1
scenario2857,0
scenario2858,0
scenario2859,0
scenario2860,0
scenario2861,0
scenario2862,0
scenario2863,0
scenario2864,0
scenario2865,0
scenario2866,1
scenario2867,1
scenario2868,0
scenario2869,0
scenario2870,0
scenario2871,0
scenario2872,0
scenario2873,1
scenario2874,0
scenario2875,1
scenario2876,0
scenario2877,0
scenario2878,0
scenario2879,0
scenario2880,0
scenario2881,0
scenario2882,0
scenario2883,1
scenario2884,1
scenario2885,0
scenario2886,0
scenario2887,0
scenario2888,1
scenario2889,0
scenario2890,1
scenario2891,0
scenario2892,0
scenario2893,0
scenario2894,0
scenario2895,0
scenario2896,0
scenario2897,1
scenario2898,0
scenario2899,0
scenario2900,1
scenario2901,0
scenario2902,0
scenario2903,0
scenario2904,0
scenario2905,0
scenario2906,0
scenario2907,0
scenario2908,0
scenario2909,0
scenario2910,0
scenario2911,1
scenario2912,1
scenario2913,1
scenario2914,1
scenario2915,0
scenario2916,0
scenario2917,0
scenario2918,0
scenario2919,0
scenario2920,0
scenario2921,0
scenario2922,0
scenario2923,0
scenario2924,0
scenario2925,1
scenario2926,0
scenario2927,0
scenario2928,0
scenario2929,0
scenario2930,0
scenario2931,0
scenario2932,0
scenario2933,0
scenario2934,1
scenario2935,0
scenario2936,1
scenario2937,0
scenario2938,0
scenario2939,0
scenario2940,0
scenario2941,0
scenario2942,0
scenario2943,1
scenario2944,0
scenario2945,0
scenario2946,1
scenario2947,0
scenario2948,0
scenario2949,0
scenario2950,1
scenario2951,1
scenario2952,0
scenario2953,1
scenario2954,0
scenario2955,0
scenario2956,0
scenario2957,1
scenario2958,0
scenario2959,1
scenario2960,0
scenario2961,0
scenario2962,1
scenario2963,0
scenario2964,0
scenario2965,0
scenario2966,0
scenario2967,0
scenario2968,0
scenario2969,1
scenario2970,0
scenario2971,0
scenario2972,0
scenario2973,0
scenario2974,1
scenario2975,0
scenario2976,0
scenario2977,0
scenario2978,0
scenario2979,0
scenario2980,1
scenario2981,0
scenario2982,0
scenario2983,0
scenario2984,0
scenario2985,1
scenario2986,0
scenario2987,1
scenario2988,0
scenario2989,1
scenario2990,0
scenario2991,0
scenario2992,0
scenario2993,0
scenario2994,0
scenario2995,0
scenario2996,0
scenario2997,0
scenario2998,1
scenario2999,1
scenario3000,0
scenario3001,0
scenario3002,0
scenario3003,0
scenario3004,0
scenario3005,0
scenario3006,0
scenario3007,0
scenario3008,0
scenario3009,0
scenario3010,0
scenario3011,0
scenario3012,0
scenario3013,1
scenario3014,0
scenario3015,0
scenario3016,0
scenario3017,0
scenario3018,0
scenario3019,1
scenario3020,1
scenario3021,0
scenario3022,0
scenario3023,0
scenario3024,0
scenario3025,0
scenario3026,0
scenario3027,0
scenario3028,1
scenario3029,0
scenario3030,0
scenario3031,0
scenario3032,1
scenario3033,0
scenario3034,0
scenario3035,0
scenario3036,1
scenario3037,0
scenario3038,0
scenario3039,0
scenario3040,0
scenario3041,0
scenario3042,0
scenario3043,0
scenario3044,0
scenario3045,0
scenario3046,0
scenario3047,0
scenario3048,0
scenario3049,1
scenario3050,0
scenario3051,0
scenario3052,0
scenario3053,0
scenario3054,0
scenario3055,0
scenario3056,0
