Row,Best_Algorithm
scenario0,1
scenario1,1
scenario2,1
scenario3,1
scenario4,1
scenario5,1
scenario6,1
scenario7,1
scenario8,1
scenario9,1
scenario10,1
scenario11,1
scenario12,1
scenario13,1
scenario14,1
scenario15,1
scenario16,1
scenario17,1
scenario18,1
scenario19,1
scenario20,1
scenario21,1
scenario22,1
scenario23,1
scenario24,1
scenario25,1
scenario26,1
scenario27,1
scenario28,1
scenario29,1
scenario30,1
scenario31,1
scenario32,1
scenario33,1
scenario34,1
scenario35,1
scenario36,1
scenario37,1
scenario38,1
scenario39,1
scenario40,1
scenario41,1
scenario42,1
scenario43,1
scenario44,1
scenario45,1
scenario46,1
scenario47,1
scenario48,1
scenario49,1
scenario50,1
scenario51,1
scenario52,1
scenario53,1
scenario54,1
scenario55,1
scenario56,1
scenario57,1
scenario58,1
scenario59,1
scenario60,1
scenario61,1
scenario62,1
scenario63,1
scenario64,1
scenario65,1
scenario66,1
scenario67,1
scenario68,1
scenario69,1
scenario70,1
scenario71,1
scenario72,1
scenario73,1
scenario74,1
scenario75,1
scenario76,1
scenario77,1
scenario78,1
scenario79,1
scenario80,1
scenario81,1
scenario82,1
scenario83,1
scenario84,1
scenario85,1
scenario86,1
scenario87,1
scenario88,1
scenario89,1
scenario90,1
scenario91,1
scenario92,1
scenario93,1
scenario94,1
scenario95,1
scenario96,1
scenario97,1
scenario98,1
scenario99,1
scenario100,1
scenario101,1
scenario102,1
scenario103,1
scenario104,1
scenario105,1
scenario106,1
scenario107,1
scenario108,1
scenario109,1
scenario110,1
scenario111,1
scenario112,1
scenario113,1
scenario114,1
scenario115,1
scenario116,1
scenario117,1
scenario118,1
scenario119,1
scenario120,1
scenario121,1
scenario122,1
scenario123,1
scenario124,1
scenario125,1
scenario126,1
scenario127,1
scenario128,1
scenario129,1
scenario130,1
scenario131,1
scenario132,1
scenario133,1
scenario134,1
scenario135,1
scenario136,1
scenario137,1
scenario138,1
scenario139,1
scenario140,1
scenario141,1
scenario142,1
scenario143,1
scenario144,1
scenario145,1
scenario146,1
scenario147,1
scenario148,1
scenario149,1
scenario150,1
scenario151,1
scenario152,1
scenario153,1
scenario154,1
scenario155,1
scenario156,1
scenario157,1
scenario158,1
scenario159,1
scenario160,1
scenario161,1
scenario162,1
scenario163,1
scenario164,1
scenario165,1
scenario166,1
scenario167,1
scenario168,1
scenario169,1
scenario170,1
scenario171,1
scenario172,1
scenario173,1
scenario174,1
scenario175,1
scenario176,1
scenario177,1
scenario178,1
scenario179,1
scenario180,1
scenario181,1
scenario182,1
scenario183,1
scenario184,1
scenario185,1
scenario186,1
scenario187,1
scenario188,1
scenario189,1
scenario190,1
scenario191,1
scenario192,1
scenario193,1
scenario194,1
scenario195,1
scenario196,1
scenario197,1
scenario198,1
scenario199,1
scenario200,1
scenario201,1
scenario202,1
scenario203,1
scenario204,1
scenario205,1
scenario206,1
scenario207,1
scenario208,1
scenario209,1
scenario210,1
scenario211,1
scenario212,1
scenario213,1
scenario214,1
scenario215,1
scenario216,1
scenario217,1
scenario218,1
scenario219,1
scenario220,1
scenario221,1
scenario222,1
scenario223,1
scenario224,1
scenario225,1
scenario226,1
scenario227,1
scenario228,1
scenario229,1
scenario230,1
scenario231,1
scenario232,1
scenario233,1
scenario234,1
scenario235,1
scenario236,1
scenario237,1
scenario238,1
scenario239,1
scenario240,1
scenario241,1
scenario242,1
scenario243,1
scenario244,1
scenario245,1
scenario246,1
scenario247,1
scenario248,1
scenario249,1
scenario250,1
scenario251,1
scenario252,1
scenario253,1
scenario254,1
scenario255,1
scenario256,1
scenario257,1
scenario258,1
scenario259,1
scenario260,1
scenario261,1
scenario262,1
scenario263,1
scenario264,1
scenario265,1
scenario266,1
scenario267,1
scenario268,1
scenario269,1
scenario270,1
scenario271,1
scenario272,1
scenario273,1
scenario274,1
scenario275,1
scenario276,1
scenario277,1
scenario278,1
scenario279,1
scenario280,1
scenario281,1
scenario282,1
scenario283,1
scenario284,1
scenario285,1
scenario286,1
scenario287,1
scenario288,1
scenario289,1
scenario290,1
scenario291,1
scenario292,1
scenario293,1
scenario294,1
scenario295,1
scenario296,1
scenario297,1
scenario298,1
scenario299,1
scenario300,1
scenario301,1
scenario302,1
scenario303,1
scenario304,1
scenario305,1
scenario306,1
scenario307,1
scenario308,1
scenario309,1
scenario310,1
scenario311,1
scenario312,1
scenario313,1
scenario314,1
scenario315,1
scenario316,1
scenario317,1
scenario318,1
scenario319,1
scenario320,1
scenario321,1
scenario322,1
scenario323,1
scenario324,1
scenario325,1
scenario326,1
scenario327,1
scenario328,1
scenario329,1
scenario330,1
scenario331,1
scenario332,1
scenario333,1
scenario334,1
scenario335,1
scenario336,1
scenario337,1
scenario338,1
scenario339,1
scenario340,1
scenario341,1
scenario342,1
scenario343,1
scenario344,1
scenario345,1
scenario346,1
scenario347,1
scenario348,1
scenario349,1
scenario350,1
scenario351,1
scenario352,1
scenario353,1
scenario354,1
scenario355,1
scenario356,1
scenario357,1
scenario358,1
scenario359,1
scenario360,1
scenario361,1
scenario362,1
scenario363,1
scenario364,1
scenario365,1
scenario366,1
scenario367,1
scenario368,1
scenario369,1
scenario370,1
scenario371,1
scenario372,1
scenario373,1
scenario374,1
scenario375,1
scenario376,1
scenario377,1
scenario378,1
scenario379,1
scenario380,1
scenario381,1
scenario382,1
scenario383,1
scenario384,1
scenario385,1
scenario386,1
scenario387,1
scenario388,1
scenario389,1
scenario390,1
scenario391,1
scenario392,1
scenario393,1
scenario394,1
scenario395,1
scenario396,1
scenario397,1
scenario398,1
scenario399,1
scenario400,1
scenario401,1
scenario402,1
scenario403,1
scenario404,1
scenario405,1
scenario406,1
scenario407,1
scenario408,1
scenario409,1
scenario410,1
scenario411,1
scenario412,1
scenario413,1
scenario414,1
scenario415,1
scenario416,1
scenario417,1
scenario418,1
scenario419,1
scenario420,1
scenario421,1
scenario422,1
scenario423,1
scenario424,1
scenario425,1
scenario426,1
scenario427,1
scenario428,1
scenario429,1
scenario430,1
scenario431,1
scenario432,1
scenario433,1
scenario434,1
scenario435,1
scenario436,1
scenario437,1
scenario438,1
scenario439,1
scenario440,1
scenario441,1
scenario442,1
scenario443,1
scenario444,1
scenario445,1
scenario446,1
scenario447,1
scenario448,1
scenario449,1
scenario450,1
scenario451,1
scenario452,1
scenario453,1
scenario454,1
scenario455,1
scenario456,1
scenario457,1
scenario458,1
scenario459,1
scenario460,1
scenario461,1
scenario462,1
scenario463,1
scenario464,1
scenario465,1
scenario466,1
scenario467,1
scenario468,1
scenario469,1
scenario470,1
scenario471,1
scenario472,1
scenario473,1
scenario474,1
scenario475,1
scenario476,1
scenario477,1
scenario478,1
scenario479,1
scenario480,1
scenario481,1
scenario482,1
scenario483,1
scenario484,1
scenario485,1
scenario486,1
scenario487,1
scenario488,1
scenario489,1
scenario490,1
scenario491,1
scenario492,1
scenario493,1
scenario494,1
scenario495,1
scenario496,1
scenario497,1
scenario498,1
scenario499,1
scenario500,1
scenario501,1
scenario502,1
scenario503,1
scenario504,1
scenario505,1
scenario506,1
scenario507,1
scenario508,1
scenario509,1
scenario510,1
scenario511,1
scenario512,1
scenario513,1
scenario514,1
scenario515,1
scenario516,1
scenario517,1
scenario518,1
scenario519,1
scenario520,1
scenario521,1
scenario522,1
scenario523,1
scenario524,1
scenario525,1
scenario526,1
scenario527,1
scenario528,1
scenario529,1
scenario530,1
scenario531,1
scenario532,1
scenario533,1
scenario534,1
scenario535,1
scenario536,1
scenario537,1
scenario538,1
scenario539,1
scenario540,1
scenario541,1
scenario542,1
scenario543,1
scenario544,1
scenario545,1
scenario546,1
scenario547,1
scenario548,1
scenario549,1
scenario550,1
scenario551,1
scenario552,1
scenario553,1
scenario554,1
scenario555,1
scenario556,1
scenario557,1
scenario558,1
scenario559,1
scenario560,1
scenario561,1
scenario562,1
scenario563,1
scenario564,1
scenario565,1
scenario566,1
scenario567,1
scenario568,1
scenario569,1
scenario570,1
scenario571,1
scenario572,1
scenario573,1
scenario574,1
scenario575,1
scenario576,1
scenario577,1
scenario578,1
scenario579,1
scenario580,1
scenario581,1
scenario582,1
scenario583,1
scenario584,1
scenario585,1
scenario586,1
scenario587,1
scenario588,1
scenario589,1
scenario590,1
scenario591,1
scenario592,1
scenario593,1
scenario594,1
scenario595,1
scenario596,1
scenario597,1
scenario598,1
scenario599,1
scenario600,1
scenario601,1
scenario602,1
scenario603,1
scenario604,1
scenario605,1
scenario606,1
scenario607,1
scenario608,1
scenario609,1
scenario610,1
scenario611,1
scenario612,1
scenario613,1
scenario614,1
scenario615,1
scenario616,1
scenario617,1
scenario618,1
scenario619,1
scenario620,1
scenario621,1
scenario622,1
scenario623,1
scenario624,1
scenario625,1
scenario626,1
scenario627,1
scenario628,1
scenario629,1
scenario630,1
scenario631,1
scenario632,1
scenario633,1
scenario634,1
scenario635,1
scenario636,1
scenario637,1
scenario638,1
scenario639,1
scenario640,1
scenario641,1
scenario642,1
scenario643,1
scenario644,1
scenario645,1
scenario646,1
scenario647,1
scenario648,1
scenario649,1
scenario650,1
scenario651,1
scenario652,1
scenario653,1
scenario654,1
scenario655,1
scenario656,1
scenario657,1
scenario658,1
scenario659,1
scenario660,1
scenario661,1
scenario662,1
scenario663,1
scenario664,1
scenario665,1
scenario666,1
scenario667,1
scenario668,1
scenario669,1
scenario670,1
scenario671,1
scenario672,1
scenario673,1
scenario674,1
scenario675,1
scenario676,1
scenario677,1
scenario678,1
scenario679,1
scenario680,1
scenario681,1
scenario682,1
scenario683,1
scenario684,1
scenario685,1
scenario686,1
scenario687,1
scenario688,1
scenario689,1
scenario690,1
scenario691,1
scenario692,1
scenario693,1
scenario694,1
scenario695,1
scenario696,1
scenario697,1
scenario698,1
scenario699,1
scenario700,1
scenario701,1
scenario702,1
scenario703,1
scenario704,1
scenario705,1
scenario706,1
scenario707,1
scenario708,1
scenario709,1
scenario710,1
scenario711,1
scenario712,1
scenario713,1
scenario714,1
scenario715,1
scenario716,1
scenario717,1
scenario718,1
scenario719,1
scenario720,1
scenario721,1
scenario722,1
scenario723,1
scenario724,1
scenario725,1
scenario726,1
scenario727,1
scenario728,1
scenario729,1
scenario730,1
scenario731,1
scenario732,1
scenario733,1
scenario734,1
scenario735,1
scenario736,1
scenario737,1
scenario738,1
scenario739,1
scenario740,1
scenario741,1
scenario742,1
scenario743,1
scenario744,1
scenario745,1
scenario746,1
scenario747,1
scenario748,1
scenario749,1
scenario750,1
scenario751,1
scenario752,1
scenario753,1
scenario754,1
scenario755,1
scenario756,1
scenario757,1
scenario758,1
scenario759,1
scenario760,1
scenario761,1
scenario762,1
scenario763,1
scenario764,1
scenario765,1
scenario766,1
scenario767,1
scenario768,1
scenario769,1
scenario770,1
scenario771,1
scenario772,1
scenario773,1
scenario774,1
scenario775,1
scenario776,1
scenario777,1
scenario778,1
scenario779,1
scenario780,1
scenario781,1
scenario782,1
scenario783,1
scenario784,1
scenario785,1
scenario786,1
scenario787,1
scenario788,1
scenario789,1
scenario790,1
scenario791,1
scenario792,1
scenario793,1
scenario794,1
scenario795,1
scenario796,1
scenario797,1
scenario798,1
scenario799,1
scenario800,1
scenario801,1
scenario802,1
scenario803,1
scenario804,1
scenario805,1
scenario806,1
scenario807,1
scenario808,1
scenario809,1
scenario810,1
scenario811,1
scenario812,1
scenario813,1
scenario814,1
scenario815,1
scenario816,1
scenario817,1
scenario818,1
scenario819,1
scenario820,1
scenario821,1
scenario822,1
scenario823,1
scenario824,1
scenario825,1
scenario826,1
scenario827,1
scenario828,1
scenario829,1
scenario830,1
scenario831,1
scenario832,1
scenario833,1
scenario834,1
scenario835,1
scenario836,1
scenario837,1
scenario838,1
scenario839,1
scenario840,1
scenario841,1
scenario842,1
scenario843,1
scenario844,1
scenario845,1
scenario846,1
scenario847,1
scenario848,1
scenario849,1
scenario850,1
scenario851,1
scenario852,1
scenario853,1
scenario854,1
scenario855,1
scenario856,1
scenario857,1
scenario858,1
scenario859,1
scenario860,1
scenario861,1
scenario862,1
scenario863,1
scenario864,1
scenario865,1
scenario866,1
scenario867,1
scenario868,1
scenario869,1
scenario870,1
scenario871,1
scenario872,1
scenario873,1
scenario874,1
scenario875,1
scenario876,1
scenario877,1
scenario878,1
scenario879,1
scenario880,1
scenario881,1
scenario882,1
scenario883,1
scenario884,1
scenario885,1
scenario886,1
scenario887,1
scenario888,1
scenario889,1
scenario890,1
scenario891,1
scenario892,1
scenario893,1
scenario894,1
scenario895,1
scenario896,1
scenario897,1
scenario898,1
scenario899,1
scenario900,1
scenario901,1
scenario902,1
scenario903,1
scenario904,1
scenario905,1
scenario906,1
scenario907,1
scenario908,1
scenario909,1
scenario910,1
scenario911,1
scenario912,1
scenario913,1
scenario914,1
scenario915,1
scenario916,1
scenario917,1
scenario918,1
scenario919,1
scenario920,1
scenario921,1
scenario922,1
scenario923,1
scenario924,1
scenario925,1
scenario926,1
scenario927,1
scenario928,1
scenario929,1
scenario930,1
scenario931,1
scenario932,1
scenario933,1
scenario934,1
scenario935,1
scenario936,1
scenario937,1
scenario938,1
scenario939,1
scenario940,1
scenario941,1
scenario942,1
scenario943,1
scenario944,1
scenario945,1
scenario946,1
scenario947,1
scenario948,1
scenario949,1
scenario950,1
scenario951,1
scenario952,1
scenario953,1
scenario954,1
scenario955,1
scenario956,1
scenario957,1
scenario958,1
scenario959,1
scenario960,1
scenario961,1
scenario962,1
scenario963,1
scenario964,1
scenario965,1
scenario966,1
scenario967,1
scenario968,1
scenario969,1
scenario970,1
scenario971,1
scenario972,1
scenario973,1
scenario974,1
scenario975,1
scenario976,1
scenario977,1
scenario978,1
scenario979,1
scenario980,1
scenario981,1
scenario982,1
scenario983,1
scenario984,1
scenario985,1
scenario986,1
scenario987,1
scenario988,1
scenario989,1
scenario990,1
scenario991,1
scenario992,1
scenario993,1
scenario994,1
scenario995,1
scenario996,1
scenario997,1
scenario998,1
scenario999,1
scenario1000,1
scenario1001,1
scenario1002,1
scenario1003,1
scenario1004,1
scenario1005,1
scenario1006,1
scenario1007,1
scenario1008,1
scenario1009,1
scenario1010,1
scenario1011,1
scenario1012,1
scenario1013,1
scenario1014,1
scenario1015,1
scenario1016,1
scenario1017,1
scenario1018,1
scenario1019,1
scenario1020,1
scenario1021,1
scenario1022,1
scenario1023,1
scenario1024,1
scenario1025,1
scenario1026,1
scenario1027,1
scenario1028,1
scenario1029,1
scenario1030,1
scenario1031,1
scenario1032,1
scenario1033,1
scenario1034,1
scenario1035,1
scenario1036,1
scenario1037,1
scenario1038,1
scenario1039,1
scenario1040,1
scenario1041,1
scenario1042,1
scenario1043,1
scenario1044,1
scenario1045,1
scenario1046,1
scenario1047,1
scenario1048,1
scenario1049,1
scenario1050,1
scenario1051,1
scenario1052,1
scenario1053,1
scenario1054,1
scenario1055,1
scenario1056,1
scenario1057,1
scenario1058,1
scenario1059,1
scenario1060,1
scenario1061,1
scenario1062,1
scenario1063,1
scenario1064,1
scenario1065,1
scenario1066,1
scenario1067,1
scenario1068,1
scenario1069,1
scenario1070,1
scenario1071,1
scenario1072,1
scenario1073,1
scenario1074,1
scenario1075,1
scenario1076,1
scenario1077,1
scenario1078,1
scenario1079,1
scenario1080,1
scenario1081,1
scenario1082,1
scenario1083,1
scenario1084,1
scenario1085,1
scenario1086,1
scenario1087,1
scenario1088,1
scenario1089,1
scenario1090,1
scenario1091,1
scenario1092,1
scenario1093,1
scenario1094,1
scenario1095,1
scenario1096,1
scenario1097,1
scenario1098,1
scenario1099,1
scenario1100,1
scenario1101,1
scenario1102,1
scenario1103,1
scenario1104,1
scenario1105,1
scenario1106,1
scenario1107,1
scenario1108,1
scenario1109,1
scenario1110,1
scenario1111,1
scenario1112,1
scenario1113,1
scenario1114,1
scenario1115,1
scenario1116,1
scenario1117,1
scenario1118,1
scenario1119,1
scenario1120,1
scenario1121,1
scenario1122,1
scenario1123,1
scenario1124,1
scenario1125,1
scenario1126,1
scenario1127,1
scenario1128,1
scenario1129,1
scenario1130,1
scenario1131,1
scenario1132,1
scenario1133,1
scenario1134,1
scenario1135,1
scenario1136,1
scenario1137,1
scenario1138,1
scenario1139,1
scenario1140,1
scenario1141,1
scenario1142,1
scenario1143,1
scenario1144,1
scenario1145,1
scenario1146,1
scenario1147,1
scenario1148,1
scenario1149,1
scenario1150,1
scenario1151,1
scenario1152,1
scenario1153,1
scenario1154,1
scenario1155,1
scenario1156,1
scenario1157,1
scenario1158,1
scenario1159,1
scenario1160,1
scenario1161,1
scenario1162,1
scenario1163,1
scenario1164,1
scenario1165,1
scenario1166,1
scenario1167,1
scenario1168,1
scenario1169,1
scenario1170,1
scenario1171,1
scenario1172,1
scenario1173,1
scenario1174,1
scenario1175,1
scenario1176,1
scenario1177,1
scenario1178,1
scenario1179,1
scenario1180,1
scenario1181,1
scenario1182,1
scenario1183,1
scenario1184,1
scenario1185,1
scenario1186,1
scenario1187,1
scenario1188,1
scenario1189,1
scenario1190,1
scenario1191,1
scenario1192,1
scenario1193,1
scenario1194,1
scenario1195,1
scenario1196,1
scenario1197,1
scenario1198,1
scenario1199,1
scenario1200,1
scenario1201,1
scenario1202,1
scenario1203,1
scenario1204,1
scenario1205,1
scenario1206,1
scenario1207,1
scenario1208,1
scenario1209,1
scenario1210,1
scenario1211,1
scenario1212,1
scenario1213,1
scenario1214,1
scenario1215,1
scenario1216,1
scenario1217,1
scenario1218,1
scenario1219,1
scenario1220,1
scenario1221,1
scenario1222,1
scenario1223,1
scenario1224,1
scenario1225,1
scenario1226,1
scenario1227,1
scenario1228,1
scenario1229,1
scenario1230,1
scenario1231,1
scenario1232,1
scenario1233,1
scenario1234,1
scenario1235,1
scenario1236,1
scenario1237,1
scenario1238,1
scenario1239,1
scenario1240,1
scenario1241,1
scenario1242,1
scenario1243,1
scenario1244,1
scenario1245,1
scenario1246,1
scenario1247,1
scenario1248,1
scenario1249,1
scenario1250,1
scenario1251,1
scenario1252,1
scenario1253,1
scenario1254,1
scenario1255,1
scenario1256,1
scenario1257,1
scenario1258,1
scenario1259,1
scenario1260,1
scenario1261,1
scenario1262,1
scenario1263,1
scenario1264,1
scenario1265,1
scenario1266,1
scenario1267,1
scenario1268,1
scenario1269,1
scenario1270,1
scenario1271,1
scenario1272,1
scenario1273,1
scenario1274,1
scenario1275,1
scenario1276,1
scenario1277,1
scenario1278,1
scenario1279,1
scenario1280,1
scenario1281,1
scenario1282,1
scenario1283,1
scenario1284,1
scenario1285,1
scenario1286,1
scenario1287,1
scenario1288,1
scenario1289,1
scenario1290,1
scenario1291,1
scenario1292,1
scenario1293,1
scenario1294,1
scenario1295,1
scenario1296,1
scenario1297,1
scenario1298,1
scenario1299,1
scenario1300,1
scenario1301,1
scenario1302,1
scenario1303,1
scenario1304,1
scenario1305,1
scenario1306,1
scenario1307,1
scenario1308,1
scenario1309,1
scenario1310,1
scenario1311,1
scenario1312,1
scenario1313,1
scenario1314,1
scenario1315,1
scenario1316,1
scenario1317,1
scenario1318,1
scenario1319,1
scenario1320,1
scenario1321,1
scenario1322,1
scenario1323,1
scenario1324,1
scenario1325,1
scenario1326,1
scenario1327,1
scenario1328,1
scenario1329,1
scenario1330,1
scenario1331,1
scenario1332,1
scenario1333,1
scenario1334,1
scenario1335,1
scenario1336,1
scenario1337,1
scenario1338,1
scenario1339,1
scenario1340,1
scenario1341,1
scenario1342,1
scenario1343,1
scenario1344,1
scenario1345,1
scenario1346,1
scenario1347,1
scenario1348,1
scenario1349,1
scenario1350,1
scenario1351,1
scenario1352,1
scenario1353,1
scenario1354,1
scenario1355,1
scenario1356,1
scenario1357,1
scenario1358,1
scenario1359,1
scenario1360,1
scenario1361,1
scenario1362,1
scenario1363,1
scenario1364,1
scenario1365,1
scenario1366,1
scenario1367,1
scenario1368,1
scenario1369,1
scenario1370,1
scenario1371,1
scenario1372,1
scenario1373,1
scenario1374,1
scenario1375,1
scenario1376,1
scenario1377,1
scenario1378,1
scenario1379,1
scenario1380,1
scenario1381,1
scenario1382,1
scenario1383,1
scenario1384,1
scenario1385,1
scenario1386,1
scenario1387,1
scenario1388,1
scenario1389,1
scenario1390,1
scenario1391,1
scenario1392,1
scenario1393,1
scenario1394,1
scenario1395,1
scenario1396,1
scenario1397,1
scenario1398,1
scenario1399,1
scenario1400,1
scenario1401,1
scenario1402,1
scenario1403,1
scenario1404,1
scenario1405,1
scenario1406,1
scenario1407,1
scenario1408,1
scenario1409,1
scenario1410,1
scenario1411,1
scenario1412,1
scenario1413,1
scenario1414,1
scenario1415,1
scenario1416,1
scenario1417,1
scenario1418,1
scenario1419,1
scenario1420,1
scenario1421,1
scenario1422,1
scenario1423,1
scenario1424,1
scenario1425,1
scenario1426,1
scenario1427,1
scenario1428,1
scenario1429,1
scenario1430,1
scenario1431,1
scenario1432,1
scenario1433,1
scenario1434,1
scenario1435,1
scenario1436,1
scenario1437,1
scenario1438,1
scenario1439,1
scenario1440,1
scenario1441,1
scenario1442,1
scenario1443,1
scenario1444,1
scenario1445,1
scenario1446,1
scenario1447,1
scenario1448,1
scenario1449,1
scenario1450,1
scenario1451,1
scenario1452,1
scenario1453,1
scenario1454,1
scenario1455,1
scenario1456,1
scenario1457,1
scenario1458,1
scenario1459,1
scenario1460,1
scenario1461,1
scenario1462,1
scenario1463,1
scenario1464,1
scenario1465,1
scenario1466,1
scenario1467,1
scenario1468,1
scenario1469,1
scenario1470,1
scenario1471,1
scenario1472,1
scenario1473,1
scenario1474,1
scenario1475,1
scenario1476,1
scenario1477,1
scenario1478,1
scenario1479,1
scenario1480,1
scenario1481,1
scenario1482,1
scenario1483,1
scenario1484,1
scenario1485,1
scenario1486,1
scenario1487,1
scenario1488,1
scenario1489,1
scenario1490,1
scenario1491,1
scenario1492,1
scenario1493,1
scenario1494,1
scenario1495,1
scenario1496,1
scenario1497,1
scenario1498,1
scenario1499,1
scenario1500,1
scenario1501,1
scenario1502,1
scenario1503,1
scenario1504,1
scenario1505,1
scenario1506,1
scenario1507,1
scenario1508,1
scenario1509,1
scenario1510,1
scenario1511,1
scenario1512,1
scenario1513,1
scenario1514,1
scenario1515,1
scenario1516,1
scenario1517,1
scenario1518,1
scenario1519,1
scenario1520,1
scenario1521,1
scenario1522,1
scenario1523,1
scenario1524,1
scenario1525,1
scenario1526,1
scenario1527,1
scenario1528,1
scenario1529,1
scenario1530,1
scenario1531,1
scenario1532,1
scenario1533,1
scenario1534,1
scenario1535,1
scenario1536,1
scenario1537,1
scenario1538,1
scenario1539,1
scenario1540,1
scenario1541,1
scenario1542,1
scenario1543,1
scenario1544,1
scenario1545,1
scenario1546,1
scenario1547,1
scenario1548,1
scenario1549,1
scenario1550,1
scenario1551,1
scenario1552,1
scenario1553,1
scenario1554,1
scenario1555,1
scenario1556,1
scenario1557,1
scenario1558,1
scenario1559,1
scenario1560,1
scenario1561,1
scenario1562,1
scenario1563,1
scenario1564,1
scenario1565,1
scenario1566,1
scenario1567,1
scenario1568,1
scenario1569,1
scenario1570,1
scenario1571,1
scenario1572,1
scenario1573,1
scenario1574,1
scenario1575,1
scenario1576,1
scenario1577,1
scenario1578,1
scenario1579,1
scenario1580,1
scenario1581,1
scenario1582,1
scenario1583,1
scenario1584,1
scenario1585,1
scenario1586,1
scenario1587,1
scenario1588,1
scenario1589,1
scenario1590,1
scenario1591,1
scenario1592,1
scenario1593,1
scenario1594,1
scenario1595,1
scenario1596,1
scenario1597,1
scenario1598,1
scenario1599,1
scenario1600,1
scenario1601,1
scenario1602,1
scenario1603,1
scenario1604,1
scenario1605,1
scenario1606,1
scenario1607,1
scenario1608,1
scenario1609,1
scenario1610,1
scenario1611,1
scenario1612,1
scenario1613,1
scenario1614,1
scenario1615,1
scenario1616,1
scenario1617,1
scenario1618,1
scenario1619,1
scenario1620,1
scenario1621,1
scenario1622,1
scenario1623,1
scenario1624,1
scenario1625,1
scenario1626,1
scenario1627,1
scenario1628,1
scenario1629,1
scenario1630,1
scenario1631,1
scenario1632,1
scenario1633,1
scenario1634,1
scenario1635,1
scenario1636,1
scenario1637,1
scenario1638,1
scenario1639,1
scenario1640,1
scenario1641,1
scenario1642,1
scenario1643,1
scenario1644,1
scenario1645,1
scenario1646,1
scenario1647,1
scenario1648,1
scenario1649,1
scenario1650,1
scenario1651,1
scenario1652,1
scenario1653,1
scenario1654,1
scenario1655,1
scenario1656,1
scenario1657,1
scenario1658,1
scenario1659,1
scenario1660,1
scenario1661,1
scenario1662,1
scenario1663,1
scenario1664,1
scenario1665,1
scenario1666,1
scenario1667,1
scenario1668,1
scenario1669,1
scenario1670,1
scenario1671,1
scenario1672,1
scenario1673,1
scenario1674,1
scenario1675,1
scenario1676,1
scenario1677,1
scenario1678,1
scenario1679,1
scenario1680,1
scenario1681,1
scenario1682,1
scenario1683,1
scenario1684,1
scenario1685,1
scenario1686,1
scenario1687,1
scenario1688,1
scenario1689,1
scenario1690,1
scenario1691,1
scenario1692,1
scenario1693,1
scenario1694,1
scenario1695,1
scenario1696,1
scenario1697,1
scenario1698,1
scenario1699,1
scenario1700,1
scenario1701,1
scenario1702,1
scenario1703,1
scenario1704,1
scenario1705,1
scenario1706,1
scenario1707,1
scenario1708,1
scenario1709,1
scenario1710,1
scenario1711,1
scenario1712,1
scenario1713,1
scenario1714,1
scenario1715,1
scenario1716,1
scenario1717,1
scenario1718,1
scenario1719,1
scenario1720,1
scenario1721,1
scenario1722,1
scenario1723,1
scenario1724,1
scenario1725,1
scenario1726,1
scenario1727,1
scenario1728,1
scenario1729,1
scenario1730,1
scenario1731,1
scenario1732,1
scenario1733,1
scenario1734,1
scenario1735,1
scenario1736,1
scenario1737,1
scenario1738,1
scenario1739,1
scenario1740,1
scenario1741,1
scenario1742,1
scenario1743,1
scenario1744,1
scenario1745,1
scenario1746,1
scenario1747,1
scenario1748,1
scenario1749,1
scenario1750,1
scenario1751,1
scenario1752,1
scenario1753,1
scenario1754,1
scenario1755,1
scenario1756,1
scenario1757,1
scenario1758,1
scenario1759,1
scenario1760,1
scenario1761,1
scenario1762,1
scenario1763,1
scenario1764,1
scenario1765,1
scenario1766,1
scenario1767,1
scenario1768,1
scenario1769,1
scenario1770,1
scenario1771,1
scenario1772,1
scenario1773,1
scenario1774,1
scenario1775,1
scenario1776,1
scenario1777,1
scenario1778,1
scenario1779,1
scenario1780,1
scenario1781,1
scenario1782,1
scenario1783,1
scenario1784,1
scenario1785,1
scenario1786,1
scenario1787,1
scenario1788,1
scenario1789,1
scenario1790,1
scenario1791,1
scenario1792,1
scenario1793,1
scenario1794,1
scenario1795,1
scenario1796,1
scenario1797,1
scenario1798,1
scenario1799,1
scenario1800,1
scenario1801,1
scenario1802,1
scenario1803,1
scenario1804,1
scenario1805,1
scenario1806,1
scenario1807,1
scenario1808,1
scenario1809,1
scenario1810,1
scenario1811,1
scenario1812,1
scenario1813,1
scenario1814,1
scenario1815,1
scenario1816,1
scenario1817,1
scenario1818,1
scenario1819,1
scenario1820,1
scenario1821,1
scenario1822,1
scenario1823,1
scenario1824,1
scenario1825,1
scenario1826,1
scenario1827,1
scenario1828,1
scenario1829,1
scenario1830,1
scenario1831,1
scenario1832,1
scenario1833,1
scenario1834,1
scenario1835,1
scenario1836,1
scenario1837,1
scenario1838,1
scenario1839,1
scenario1840,1
scenario1841,1
scenario1842,1
scenario1843,1
scenario1844,1
scenario1845,1
scenario1846,1
scenario1847,1
scenario1848,1
scenario1849,1
scenario1850,1
scenario1851,1
scenario1852,1
scenario1853,1
scenario1854,1
scenario1855,1
scenario1856,1
scenario1857,1
scenario1858,1
scenario1859,1
scenario1860,1
scenario1861,1
scenario1862,1
scenario1863,1
scenario1864,1
scenario1865,1
scenario1866,1
scenario1867,1
scenario1868,1
scenario1869,1
scenario1870,1
scenario1871,1
scenario1872,1
scenario1873,1
scenario1874,1
scenario1875,1
scenario1876,1
scenario1877,1
scenario1878,1
scenario1879,1
scenario1880,1
scenario1881,1
scenario1882,1
scenario1883,1
scenario1884,1
scenario1885,1
scenario1886,1
scenario1887,1
scenario1888,1
scenario1889,1
scenario1890,1
scenario1891,1
scenario1892,1
scenario1893,1
scenario1894,1
scenario1895,1
scenario1896,1
scenario1897,1
scenario1898,1
scenario1899,1
scenario1900,1
scenario1901,1
scenario1902,1
scenario1903,1
scenario1904,1
scenario1905,1
scenario1906,1
scenario1907,1
scenario1908,1
scenario1909,1
scenario1910,1
scenario1911,1
scenario1912,1
scenario1913,1
scenario1914,1
scenario1915,1
scenario1916,1
scenario1917,1
scenario1918,1
scenario1919,1
scenario1920,1
scenario1921,1
scenario1922,1
scenario1923,1
scenario1924,1
scenario1925,1
scenario1926,1
scenario1927,1
scenario1928,1
scenario1929,1
scenario1930,1
scenario1931,1
scenario1932,1
scenario1933,1
scenario1934,1
scenario1935,1
scenario1936,1
scenario1937,1
scenario1938,1
scenario1939,1
scenario1940,1
scenario1941,1
scenario1942,1
scenario1943,1
scenario1944,1
scenario1945,1
scenario1946,1
scenario1947,1
scenario1948,1
scenario1949,1
scenario1950,1
scenario1951,1
scenario1952,1
scenario1953,1
scenario1954,1
scenario1955,1
scenario1956,1
scenario1957,1
scenario1958,1
scenario1959,1
scenario1960,1
scenario1961,1
scenario1962,1
scenario1963,1
scenario1964,1
scenario1965,1
scenario1966,1
scenario1967,1
scenario1968,1
scenario1969,1
scenario1970,1
scenario1971,1
scenario1972,1
scenario1973,1
scenario1974,1
scenario1975,1
scenario1976,1
scenario1977,1
scenario1978,1
scenario1979,1
scenario1980,1
scenario1981,1
scenario1982,1
scenario1983,1
scenario1984,1
scenario1985,1
scenario1986,1
scenario1987,1
scenario1988,1
scenario1989,1
scenario1990,1
scenario1991,1
scenario1992,1
scenario1993,1
scenario1994,1
scenario1995,1
scenario1996,1
scenario1997,1
scenario1998,1
scenario1999,1
scenario2000,1
scenario2001,1
scenario2002,1
scenario2003,1
scenario2004,1
scenario2005,1
scenario2006,1
scenario2007,1
scenario2008,1
scenario2009,1
scenario2010,1
scenario2011,1
scenario2012,1
scenario2013,1
scenario2014,1
scenario2015,1
scenario2016,1
scenario2017,1
scenario2018,1
scenario2019,1
scenario2020,1
scenario2021,1
scenario2022,1
scenario2023,1
scenario2024,1
scenario2025,1
scenario2026,1
scenario2027,1
scenario2028,1
scenario2029,1
scenario2030,1
scenario2031,1
scenario2032,1
scenario2033,1
scenario2034,1
scenario2035,1
scenario2036,1
scenario2037,1
scenario2038,1
scenario2039,1
scenario2040,1
scenario2041,1
scenario2042,1
scenario2043,1
scenario2044,1
scenario2045,1
scenario2046,1
scenario2047,1
scenario2048,1
scenario2049,1
scenario2050,1
scenario2051,1
scenario2052,1
scenario2053,1
scenario2054,1
scenario2055,1
scenario2056,1
scenario2057,1
scenario2058,1
scenario2059,1
scenario2060,1
scenario2061,1
scenario2062,1
scenario2063,1
scenario2064,1
scenario2065,1
scenario2066,1
scenario2067,1
scenario2068,1
scenario2069,1
scenario2070,1
scenario2071,1
scenario2072,1
scenario2073,1
scenario2074,1
scenario2075,1
scenario2076,1
scenario2077,1
scenario2078,1
scenario2079,1
scenario2080,1
scenario2081,1
scenario2082,1
scenario2083,1
scenario2084,1
scenario2085,1
scenario2086,1
scenario2087,1
scenario2088,1
scenario2089,1
scenario2090,1
scenario2091,1
scenario2092,1
scenario2093,1
scenario2094,1
scenario2095,1
scenario2096,1
scenario2097,1
scenario2098,1
scenario2099,1
scenario2100,1
scenario2101,1
scenario2102,1
scenario2103,1
scenario2104,1
scenario2105,1
scenario2106,1
scenario2107,1
scenario2108,1
scenario2109,1
scenario2110,1
scenario2111,1
scenario2112,1
scenario2113,1
scenario2114,1
scenario2115,1
scenario2116,1
scenario2117,1
scenario2118,1
scenario2119,1
scenario2120,1
scenario2121,1
scenario2122,1
scenario2123,1
scenario2124,1
scenario2125,1
scenario2126,1
scenario2127,1
scenario2128,1
scenario2129,1
scenario2130,1
scenario2131,1
scenario2132,1
scenario2133,1
scenario2134,1
scenario2135,1
scenario2136,1
scenario2137,1
scenario2138,1
scenario2139,1
scenario2140,1
scenario2141,1
scenario2142,1
scenario2143,1
scenario2144,1
scenario2145,1
scenario2146,1
scenario2147,1
scenario2148,1
scenario2149,1
scenario2150,1
scenario2151,1
scenario2152,1
scenario2153,1
scenario2154,1
scenario2155,1
scenario2156,1
scenario2157,1
scenario2158,1
scenario2159,1
scenario2160,1
scenario2161,1
scenario2162,1
scenario2163,1
scenario2164,1
scenario2165,1
scenario2166,1
scenario2167,1
scenario2168,1
scenario2169,1
scenario2170,1
scenario2171,1
scenario2172,1
scenario2173,1
scenario2174,1
scenario2175,1
scenario2176,1
scenario2177,1
scenario2178,1
scenario2179,1
scenario2180,1
scenario2181,1
scenario2182,1
scenario2183,1
scenario2184,1
scenario2185,1
scenario2186,1
scenario2187,1
scenario2188,1
scenario2189,1
scenario2190,1
scenario2191,1
scenario2192,1
scenario2193,1
scenario2194,1
scenario2195,1
scenario2196,1
scenario2197,1
scenario2198,1
scenario2199,1
scenario2200,1
scenario2201,1
scenario2202,1
scenario2203,1
scenario2204,1
scenario2205,1
scenario2206,1
scenario2207,1
scenario2208,1
scenario2209,1
scenario2210,1
scenario2211,1
scenario2212,1
scenario2213,1
scenario2214,1
scenario2215,1
scenario2216,1
scenario2217,1
scenario2218,1
scenario2219,1
scenario2220,1
scenario2221,1
scenario2222,1
scenario2223,1
scenario2224,1
scenario2225,1
scenario2226,1
scenario2227,1
scenario2228,1
scenario2229,1
scenario2230,1
scenario2231,1
scenario2232,1
scenario2233,1
scenario2234,1
scenario2235,1
scenario2236,1
scenario2237,1
scenario2238,1
scenario2239,1
scenario2240,1
scenario2241,1
scenario2242,1
scenario2243,1
scenario2244,1
scenario2245,1
scenario2246,1
scenario2247,1
scenario2248,1
scenario2249,1
scenario2250,1
scenario2251,1
scenario2252,1
scenario2253,1
scenario2254,1
scenario2255,1
scenario2256,1
scenario2257,1
scenario2258,1
scenario2259,1
scenario2260,1
scenario2261,1
scenario2262,1
scenario2263,1
scenario2264,1
scenario2265,1
scenario2266,1
scenario2267,1
scenario2268,1
scenario2269,1
scenario2270,1
scenario2271,1
scenario2272,1
scenario2273,1
scenario2274,1
scenario2275,1
scenario2276,1
scenario2277,1
scenario2278,1
scenario2279,1
scenario2280,1
scenario2281,1
scenario2282,1
scenario2283,1
scenario2284,1
scenario2285,1
scenario2286,1
scenario2287,1
scenario2288,1
scenario2289,1
scenario2290,1
scenario2291,1
scenario2292,1
scenario2293,1
scenario2294,1
scenario2295,1
scenario2296,1
scenario2297,1
scenario2298,1
scenario2299,1
scenario2300,1
scenario2301,1
scenario2302,1
scenario2303,1
scenario2304,1
scenario2305,1
scenario2306,1
scenario2307,1
scenario2308,1
scenario2309,1
scenario2310,1
scenario2311,1
scenario2312,1
scenario2313,1
scenario2314,1
scenario2315,1
scenario2316,1
scenario2317,1
scenario2318,1
scenario2319,1
scenario2320,1
scenario2321,1
scenario2322,1
scenario2323,1
scenario2324,1
scenario2325,1
scenario2326,1
scenario2327,1
scenario2328,1
scenario2329,1
scenario2330,1
scenario2331,1
scenario2332,1
scenario2333,1
scenario2334,1
scenario2335,1
scenario2336,1
scenario2337,1
scenario2338,1
scenario2339,1
scenario2340,1
scenario2341,1
scenario2342,1
scenario2343,1
scenario2344,1
scenario2345,1
scenario2346,1
scenario2347,1
scenario2348,1
scenario2349,1
scenario2350,1
scenario2351,1
scenario2352,1
scenario2353,1
scenario2354,1
scenario2355,1
scenario2356,1
scenario2357,1
scenario2358,1
scenario2359,1
scenario2360,1
scenario2361,1
scenario2362,1
scenario2363,1
scenario2364,1
scenario2365,1
scenario2366,1
scenario2367,1
scenario2368,1
scenario2369,1
scenario2370,1
scenario2371,1
scenario2372,1
scenario2373,1
scenario2374,1
scenario2375,1
scenario2376,1
scenario2377,1
scenario2378,1
scenario2379,1
scenario2380,1
scenario2381,1
scenario2382,1
scenario2383,1
scenario2384,1
scenario2385,1
scenario2386,1
scenario2387,1
scenario2388,1
scenario2389,1
scenario2390,1
scenario2391,1
scenario2392,1
scenario2393,1
scenario2394,1
scenario2395,1
scenario2396,1
scenario2397,1
scenario2398,1
scenario2399,1
scenario2400,1
scenario2401,1
scenario2402,1
scenario2403,1
scenario2404,1
scenario2405,1
scenario2406,1
scenario2407,1
scenario2408,1
scenario2409,1
scenario2410,1
scenario2411,1
scenario2412,1
scenario2413,1
scenario2414,1
scenario2415,1
scenario2416,1
scenario2417,1
scenario2418,1
scenario2419,1
scenario2420,1
scenario2421,1
scenario2422,1
scenario2423,1
scenario2424,1
scenario2425,1
scenario2426,1
scenario2427,1
scenario2428,1
scenario2429,1
scenario2430,1
scenario2431,1
scenario2432,1
scenario2433,1
scenario2434,1
scenario2435,1
scenario2436,1
scenario2437,1
scenario2438,1
scenario2439,1
scenario2440,1
scenario2441,1
scenario2442,1
scenario2443,1
scenario2444,1
scenario2445,1
scenario2446,1
scenario2447,1
scenario2448,1
scenario2449,1
scenario2450,1
scenario2451,1
scenario2452,1
scenario2453,1
scenario2454,1
scenario2455,1
scenario2456,1
scenario2457,1
scenario2458,1
scenario2459,1
scenario2460,1
scenario2461,1
scenario2462,1
scenario2463,1
scenario2464,1
scenario2465,1
scenario2466,1
scenario2467,1
scenario2468,1
scenario2469,1
scenario2470,1
scenario2471,1
scenario2472,1
scenario2473,1
scenario2474,1
scenario2475,1
scenario2476,1
scenario2477,1
scenario2478,1
scenario2479,1
scenario2480,1
scenario2481,1
scenario2482,1
scenario2483,1
scenario2484,1
scenario2485,1
scenario2486,1
scenario2487,1
scenario2488,1
scenario2489,1
scenario2490,1
scenario2491,1
scenario2492,1
scenario2493,1
scenario2494,1
scenario2495,1
scenario2496,1
scenario2497,1
scenario2498,1
scenario2499,1
scenario2500,1
scenario2501,1
scenario2502,1
scenario2503,1
scenario2504,1
scenario2505,1
scenario2506,1
scenario2507,1
scenario2508,1
scenario2509,1
scenario2510,1
scenario2511,1
scenario2512,1
scenario2513,1
scenario2514,1
scenario2515,1
scenario2516,1
scenario2517,1
scenario2518,1
scenario2519,1
scenario2520,1
scenario2521,1
scenario2522,1
scenario2523,1
scenario2524,1
scenario2525,1
scenario2526,1
scenario2527,1
scenario2528,1
scenario2529,1
scenario2530,1
scenario2531,1
scenario2532,1
scenario2533,1
scenario2534,1
scenario2535,1
scenario2536,1
scenario2537,1
scenario2538,1
scenario2539,1
scenario2540,1
scenario2541,1
scenario2542,1
scenario2543,1
scenario2544,1
scenario2545,1
scenario2546,1
scenario2547,1
scenario2548,1
scenario2549,1
scenario2550,1
scenario2551,1
scenario2552,1
scenario2553,1
scenario2554,1
scenario2555,1
scenario2556,1
scenario2557,1
scenario2558,1
scenario2559,1
scenario2560,1
scenario2561,1
scenario2562,1
scenario2563,1
scenario2564,1
scenario2565,1
scenario2566,1
scenario2567,1
scenario2568,1
scenario2569,1
scenario2570,1
scenario2571,1
scenario2572,1
scenario2573,1
scenario2574,1
scenario2575,1
scenario2576,1
scenario2577,1
scenario2578,1
scenario2579,1
scenario2580,1
scenario2581,1
scenario2582,1
scenario2583,1
scenario2584,1
scenario2585,1
scenario2586,1
scenario2587,1
scenario2588,1
scenario2589,1
scenario2590,1
scenario2591,1
scenario2592,1
scenario2593,1
scenario2594,1
scenario2595,1
scenario2596,1
scenario2597,1
scenario2598,1
scenario2599,1
scenario2600,1
scenario2601,1
scenario2602,1
scenario2603,1
scenario2604,1
scenario2605,1
scenario2606,1
scenario2607,1
scenario2608,1
scenario2609,1
scenario2610,1
scenario2611,1
scenario2612,1
scenario2613,1
scenario2614,1
scenario2615,1
scenario2616,1
scenario2617,1
scenario2618,1
scenario2619,1
scenario2620,1
scenario2621,1
scenario2622,1
scenario2623,1
scenario2624,1
scenario2625,1
scenario2626,1
scenario2627,1
scenario2628,1
scenario2629,1
scenario2630,1
scenario2631,1
scenario2632,1
scenario2633,1
scenario2634,1
scenario2635,1
scenario2636,1
scenario2637,1
scenario2638,1
scenario2639,1
scenario2640,1
scenario2641,1
scenario2642,1
scenario2643,1
scenario2644,1
scenario2645,1
scenario2646,1
scenario2647,1
scenario2648,1
scenario2649,1
scenario2650,1
scenario2651,1
scenario2652,1
scenario2653,1
scenario2654,1
scenario2655,1
scenario2656,1
scenario2657,1
scenario2658,1
scenario2659,1
scenario2660,1
scenario2661,1
scenario2662,1
scenario2663,1
scenario2664,1
scenario2665,1
scenario2666,1
scenario2667,1
scenario2668,1
scenario2669,1
scenario2670,1
scenario2671,1
scenario2672,1
scenario2673,1
scenario2674,1
scenario2675,1
scenario2676,1
scenario2677,1
scenario2678,1
scenario2679,1
scenario2680,1
scenario2681,1
scenario2682,1
scenario2683,1
scenario2684,1
scenario2685,1
scenario2686,1
scenario2687,1
scenario2688,1
scenario2689,1
scenario2690,1
scenario2691,1
scenario2692,1
scenario2693,1
scenario2694,1
scenario2695,1
scenario2696,1
scenario2697,1
scenario2698,1
scenario2699,1
scenario2700,1
scenario2701,1
scenario2702,1
scenario2703,1
scenario2704,1
scenario2705,1
scenario2706,1
scenario2707,1
scenario2708,1
scenario2709,1
scenario2710,1
scenario2711,1
scenario2712,1
scenario2713,1
scenario2714,1
scenario2715,1
scenario2716,1
scenario2717,1
scenario2718,1
scenario2719,1
scenario2720,1
scenario2721,1
scenario2722,1
scenario2723,1
scenario2724,1
scenario2725,1
scenario2726,1
scenario2727,1
scenario2728,1
scenario2729,1
scenario2730,1
scenario2731,1
scenario2732,1
scenario2733,1
scenario2734,1
scenario2735,1
scenario2736,1
scenario2737,1
scenario2738,1
scenario2739,1
scenario2740,1
scenario2741,1
scenario2742,1
scenario2743,1
scenario2744,1
scenario2745,1
scenario2746,1
scenario2747,1
scenario2748,1
scenario2749,1
scenario2750,1
scenario2751,1
scenario2752,1
scenario2753,1
scenario2754,1
scenario2755,1
scenario2756,1
scenario2757,1
scenario2758,1
scenario2759,1
scenario2760,1
scenario2761,1
scenario2762,1
scenario2763,1
scenario2764,1
scenario2765,1
scenario2766,1
scenario2767,1
scenario2768,1
scenario2769,1
scenario2770,1
scenario2771,1
scenario2772,1
scenario2773,1
scenario2774,1
scenario2775,1
scenario2776,1
scenario2777,1
scenario2778,1
scenario2779,1
scenario2780,1
scenario2781,1
scenario2782,1
scenario2783,1
scenario2784,1
scenario2785,1
scenario2786,1
scenario2787,1
scenario2788,1
scenario2789,1
scenario2790,1
scenario2791,1
scenario2792,1
scenario2793,1
scenario2794,1
scenario2795,1
scenario2796,1
scenario2797,1
scenario2798,1
scenario2799,1
scenario2800,1
scenario2801,1
scenario2802,1
scenario2803,1
scenario2804,1
scenario2805,1
scenario2806,1
scenario2807,1
scenario2808,1
scenario2809,1
scenario2810,1
scenario2811,1
scenario2812,1
scenario2813,1
scenario2814,1
scenario2815,1
scenario2816,1
scenario2817,1
scenario2818,1
scenario2819,1
scenario2820,1
scenario2821,1
scenario2822,1
scenario2823,1
scenario2824,1
scenario2825,1
scenario2826,1
scenario2827,1
scenario2828,1
scenario2829,1
scenario2830,1
scenario2831,1
scenario2832,1
scenario2833,1
scenario2834,1
scenario2835,1
scenario2836,1
scenario2837,1
scenario2838,1
scenario2839,1
scenario2840,1
scenario2841,1
scenario2842,1
scenario2843,1
scenario2844,1
scenario2845,1
scenario2846,1
scenario2847,1
scenario2848,1
scenario2849,1
scenario2850,1
scenario2851,1
scenario2852,1
scenario2853,1
scenario2854,1
scenario2855,1
scenario2856,1
scenario2857,1
scenario2858,1
scenario2859,1
scenario2860,1
scenario2861,1
scenario2862,1
scenario2863,1
scenario2864,1
scenario2865,1
scenario2866,1
scenario2867,1
scenario2868,1
scenario2869,1
scenario2870,1
scenario2871,1
scenario2872,1
scenario2873,1
scenario2874,1
scenario2875,1
scenario2876,1
scenario2877,1
scenario2878,1
scenario2879,1
scenario2880,1
scenario2881,1
scenario2882,1
scenario2883,1
scenario2884,1
scenario2885,1
scenario2886,1
scenario2887,1
scenario2888,1
scenario2889,1
scenario2890,1
scenario2891,1
scenario2892,1
scenario2893,1
scenario2894,1
scenario2895,1
scenario2896,1
scenario2897,1
scenario2898,1
scenario2899,1
scenario2900,1
scenario2901,1
scenario2902,1
scenario2903,1
scenario2904,1
scenario2905,1
scenario2906,1
scenario2907,1
scenario2908,1
scenario2909,1
scenario2910,1
scenario2911,1
scenario2912,1
scenario2913,1
scenario2914,1
scenario2915,1
scenario2916,1
scenario2917,1
scenario2918,1
scenario2919,1
scenario2920,1
scenario2921,1
scenario2922,1
scenario2923,1
scenario2924,1
scenario2925,1
scenario2926,1
scenario2927,1
scenario2928,1
scenario2929,1
scenario2930,1
scenario2931,1
scenario2932,1
scenario2933,1
scenario2934,1
scenario2935,1
scenario2936,1
scenario2937,1
scenario2938,1
scenario2939,1
scenario2940,1
scenario2941,1
scenario2942,1
scenario2943,1
scenario2944,1
scenario2945,1
scenario2946,1
scenario2947,1
scenario2948,1
scenario2949,1
scenario2950,1
scenario2951,1
scenario2952,1
scenario2953,1
scenario2954,1
scenario2955,1
scenario2956,1
scenario2957,1
scenario2958,1
scenario2959,1
scenario2960,1
scenario2961,1
scenario2962,1
scenario2963,1
scenario2964,1
scenario2965,1
scenario2966,1
scenario2967,1
scenario2968,1
scenario2969,1
scenario2970,1
scenario2971,1
scenario2972,1
scenario2973,1
scenario2974,1
scenario2975,1
scenario2976,1
scenario2977,1
scenario2978,1
scenario2979,1
scenario2980,1
scenario2981,1
scenario2982,1
scenario2983,1
scenario2984,1
scenario2985,1
scenario2986,1
scenario2987,1
scenario2988,1
scenario2989,1
scenario2990,1
scenario2991,1
scenario2992,1
scenario2993,1
scenario2994,1
scenario2995,1
scenario2996,1
scenario2997,1
scenario2998,1
scenario2999,1
scenario3000,1
scenario3001,1
scenario3002,1
scenario3003,1
scenario3004,1
scenario3005,1
scenario3006,1
scenario3007,1
scenario3008,1
scenario3009,1
scenario3010,1
scenario3011,1
scenario3012,1
scenario3013,1
scenario3014,1
scenario3015,1
scenario3016,1
scenario3017,1
scenario3018,1
scenario3019,1
scenario3020,1
scenario3021,1
scenario3022,1
scenario3023,1
scenario3024,1
scenario3025,1
scenario3026,1
scenario3027,1
scenario3028,1
scenario3029,1
scenario3030,1
scenario3031,1
scenario3032,1
scenario3033,1
scenario3034,1
scenario3035,1
scenario3036,1
scenario3037,1
scenario3038,1
scenario3039,1
scenario3040,1
scenario3041,1
scenario3042,1
scenario3043,1
scenario3044,1
scenario3045,1
scenario3046,1
scenario3047,1
scenario3048,1
scenario3049,1
scenario3050,1
scenario3051,1
scenario3052,1
scenario3053,1
scenario3054,1
scenario3055,1
scenario3056,1
